Time,Container,Status,CPU %,Memory GB
2026-02-11 13:00:12,cadvisor,RUNNING,101006.96,1649.217
2026-02-11 13:00:12,waha,RUNNING,100513.49,1649.217
2026-02-11 13:00:12,app_proxy,RUNNING,99773.28,1649.217
2026-02-11 13:00:12,chatwoot_redisV2,RUNNING,101482.09,1649.217
2026-02-11 13:00:12,supabase-rest,RUNNING,99506.54,1649.217
2026-02-11 13:00:12,evolution,RUNNING,101207.02,1649.217
2026-02-11 13:00:12,supabase-imgproxy,RUNNING,99318.15,1649.217
2026-02-11 13:00:12,chatwoot_postgresV2,RUNNING,102142.28,1649.217
2026-02-11 13:00:12,gemini,RUNNING,101046.97,1649.217
2026-02-11 13:00:12,realtime-dev.supabase-realtime,RUNNING,99588.22,1649.217
2026-02-11 13:00:12,n8n,RUNNING,101267.03,1649.217
2026-02-11 13:00:12,supabase-auth,RUNNING,98761.32,1649.217
2026-02-11 13:00:12,supabase-edge-functions,RUNNING,100108.37,1649.217
2026-02-11 13:00:12,n8n_redis,RUNNING,102273.99,1649.217
2026-02-11 13:00:12,supabase-vector,RUNNING,99924.99,1649.217
2026-02-11 13:00:12,chatwoot_sidekiq,RUNNING,100236.74,1649.217
2026-02-11 13:00:12,supabase-db,RUNNING,99863.3,1649.217
2026-02-11 13:00:12,supabase-kong,RUNNING,97497.63,1649.217
2026-02-11 13:00:12,redis,RUNNING,101627.14,1649.217
2026-02-11 13:00:12,postgres,RUNNING,102349.01,1649.217
2026-02-11 13:00:12,adminer,RUNNING,99143.1,1649.217
2026-02-11 13:00:12,chatwoot_sidekiqV2,RUNNING,101070.31,1649.217
2026-02-11 13:00:12,supabase-storage,RUNNING,102038.92,1649.217
2026-02-11 13:00:12,chatwoot_postgres,RUNNING,99886.64,1649.217
2026-02-11 13:00:12,n8n_postgres,RUNNING,100893.59,1649.217
2026-02-11 13:00:12,supabase-analytics,RUNNING,100211.73,1649.217
2026-02-11 13:00:12,n8n_pgvector,RUNNING,100683.54,1649.217
2026-02-11 13:00:12,chatwoot_redis,RUNNING,99396.5,1649.217
2026-02-11 13:00:12,supabase-meta,RUNNING,100395.12,1649.217
2026-02-11 13:00:12,supabase-studio,RUNNING,102739.12,1649.217
2026-02-11 13:00:12,db_proxy,RUNNING,100113.37,1649.217
2026-02-11 12:59:12,cadvisor,RUNNING,98429.88,1649.217
2026-02-11 12:59:12,waha,RUNNING,101566.68,1649.217
2026-02-11 12:59:12,app_proxy,RUNNING,100034.56,1649.217
2026-02-11 12:59:12,chatwoot_redisV2,RUNNING,98340.82,1649.217
2026-02-11 12:59:12,supabase-rest,RUNNING,99396.32,1649.217
2026-02-11 12:59:12,evolution,RUNNING,99106.06,1649.217
2026-02-11 12:59:12,supabase-imgproxy,RUNNING,101729.95,1649.217
2026-02-11 12:59:12,chatwoot_postgresV2,RUNNING,98888.36,1649.217
2026-02-11 12:59:12,gemini,RUNNING,99688.23,1649.217
2026-02-11 12:59:12,realtime-dev.supabase-realtime,RUNNING,100432.02,1649.217
2026-02-11 12:59:12,n8n,RUNNING,97949.96,1649.217
2026-02-11 12:59:12,supabase-auth,RUNNING,99201.71,1649.217
2026-02-11 12:59:12,supabase-edge-functions,RUNNING,100624.98,1649.217
2026-02-11 12:59:12,n8n_redis,RUNNING,96680.07,1649.217
2026-02-11 12:59:12,supabase-vector,RUNNING,100265.45,1649.217
2026-02-11 12:59:12,chatwoot_sidekiq,RUNNING,98088.49,1649.217
2026-02-11 12:59:12,supabase-db,RUNNING,98187.45,1649.217
2026-02-11 12:59:12,supabase-kong,RUNNING,99694.83,1649.217
2026-02-11 12:59:12,redis,RUNNING,99742.65,1649.217
2026-02-11 12:59:12,postgres,RUNNING,99119.25,1649.217
2026-02-11 12:59:12,adminer,RUNNING,98947.73,1649.217
2026-02-11 12:59:12,chatwoot_sidekiqV2,RUNNING,99402.92,1649.217
2026-02-11 12:59:12,supabase-storage,RUNNING,97527.76,1649.217
2026-02-11 12:59:12,chatwoot_postgres,RUNNING,98419.99,1649.217
2026-02-11 12:59:12,n8n_postgres,RUNNING,100182.99,1649.217
2026-02-11 12:59:12,supabase-analytics,RUNNING,99196.76,1649.217
2026-02-11 12:59:12,n8n_pgvector,RUNNING,97791.64,1649.217
2026-02-11 12:59:12,chatwoot_redis,RUNNING,100331.42,1649.217
2026-02-11 12:59:12,supabase-meta,RUNNING,99030.19,1649.217
2026-02-11 12:59:12,supabase-studio,RUNNING,96856.53,1649.217
2026-02-11 12:59:12,db_proxy,RUNNING,101705.22,1649.217
2026-02-11 12:58:12,cadvisor,RUNNING,99884.53,1649.216
2026-02-11 12:58:12,waha,RUNNING,100030.15,1649.216
2026-02-11 12:58:12,app_proxy,RUNNING,98629.2,1649.216
2026-02-11 12:58:12,chatwoot_redisV2,RUNNING,101111.42,1649.216
2026-02-11 12:58:12,supabase-rest,RUNNING,102448.77,1649.216
2026-02-11 12:58:12,evolution,RUNNING,102162.55,1649.216
2026-02-11 12:58:12,supabase-imgproxy,RUNNING,101074.59,1649.216
2026-02-11 12:58:12,chatwoot_postgresV2,RUNNING,101072.92,1649.216
2026-02-11 12:58:12,gemini,RUNNING,99012.49,1649.216
2026-02-11 12:58:12,realtime-dev.supabase-realtime,RUNNING,101245.32,1649.216
2026-02-11 12:58:12,n8n,RUNNING,100403.41,1649.216
2026-02-11 12:58:12,supabase-auth,RUNNING,100443.58,1649.216
2026-02-11 12:58:12,supabase-edge-functions,RUNNING,100366.58,1649.216
2026-02-11 12:58:12,n8n_redis,RUNNING,101489.69,1649.216
2026-02-11 12:58:12,supabase-vector,RUNNING,101499.73,1649.216
2026-02-11 12:58:12,chatwoot_sidekiq,RUNNING,99817.58,1649.216
2026-02-11 12:58:12,supabase-db,RUNNING,102587.69,1649.216
2026-02-11 12:58:12,supabase-kong,RUNNING,101769.21,1649.216
2026-02-11 12:58:12,redis,RUNNING,100528.94,1649.216
2026-02-11 12:58:12,postgres,RUNNING,101257.03,1649.216
2026-02-11 12:58:12,adminer,RUNNING,101297.2,1649.216
2026-02-11 12:58:12,chatwoot_sidekiqV2,RUNNING,100632.71,1649.216
2026-02-11 12:58:12,supabase-storage,RUNNING,102510.7,1649.216
2026-02-11 12:58:12,chatwoot_postgres,RUNNING,101886.38,1649.216
2026-02-11 12:58:12,n8n_postgres,RUNNING,101439.48,1649.216
2026-02-11 12:58:12,supabase-analytics,RUNNING,99757.33,1649.216
2026-02-11 12:58:12,n8n_pgvector,RUNNING,103794.49,1649.216
2026-02-11 12:58:12,chatwoot_redis,RUNNING,98997.43,1649.216
2026-02-11 12:58:12,supabase-meta,RUNNING,100020.11,1649.216
2026-02-11 12:58:12,supabase-studio,RUNNING,100697.99,1649.216
2026-02-11 12:58:12,db_proxy,RUNNING,101362.48,1649.216
2026-02-11 12:57:12,cadvisor,RUNNING,100529.59,1649.216
2026-02-11 12:57:12,waha,RUNNING,98062.96,1649.216
2026-02-11 12:57:12,app_proxy,RUNNING,100479.39,1649.216
2026-02-11 12:57:12,chatwoot_redisV2,RUNNING,100342.17,1649.216
2026-02-11 12:57:12,supabase-rest,RUNNING,98998.4,1649.216
2026-02-11 12:57:12,evolution,RUNNING,97488.97,1649.216
2026-02-11 12:57:12,supabase-imgproxy,RUNNING,97542.52,1649.216
2026-02-11 12:57:12,chatwoot_postgresV2,RUNNING,98628.57,1649.216
2026-02-11 12:57:12,gemini,RUNNING,100037.6,1649.216
2026-02-11 12:57:12,realtime-dev.supabase-realtime,RUNNING,100002.46,1649.216
2026-02-11 12:57:12,n8n,RUNNING,100673.51,1649.216
2026-02-11 12:57:12,supabase-auth,RUNNING,99530.55,1649.216
2026-02-11 12:57:12,supabase-edge-functions,RUNNING,99272.85,1649.216
2026-02-11 12:57:12,n8n_redis,RUNNING,100700.28,1649.216
2026-02-11 12:57:12,supabase-vector,RUNNING,97858.8,1649.216
2026-02-11 12:57:12,chatwoot_sidekiq,RUNNING,100069.4,1649.216
2026-02-11 12:57:12,supabase-db,RUNNING,99127.26,1649.216
2026-02-11 12:57:12,supabase-kong,RUNNING,100748.81,1649.216
2026-02-11 12:57:12,redis,RUNNING,98657.02,1649.216
2026-02-11 12:57:12,postgres,RUNNING,97647.95,1649.216
2026-02-11 12:57:12,adminer,RUNNING,100770.56,1649.216
2026-02-11 12:57:12,chatwoot_sidekiqV2,RUNNING,99025.18,1649.216
2026-02-11 12:57:12,supabase-storage,RUNNING,97775.13,1649.216
2026-02-11 12:57:12,chatwoot_postgres,RUNNING,101264.23,1649.216
2026-02-11 12:57:12,n8n_postgres,RUNNING,98002.71,1649.216
2026-02-11 12:57:12,supabase-analytics,RUNNING,99625.94,1649.216
2026-02-11 12:57:12,n8n_pgvector,RUNNING,97678.07,1649.216
2026-02-11 12:57:12,chatwoot_redis,RUNNING,99395.01,1649.216
2026-02-11 12:57:12,supabase-meta,RUNNING,100347.19,1649.216
2026-02-11 12:57:12,supabase-studio,RUNNING,100698.61,1649.216
2026-02-11 12:57:12,db_proxy,RUNNING,97832.02,1649.216
2026-02-11 12:56:12,cadvisor,RUNNING,100362.72,1649.216
2026-02-11 12:56:12,waha,RUNNING,100257.99,1649.216
2026-02-11 12:56:12,app_proxy,RUNNING,99079.36,1649.216
2026-02-11 12:56:12,chatwoot_redisV2,RUNNING,97664.68,1649.216
2026-02-11 12:56:12,supabase-rest,RUNNING,100389.32,1649.216
2026-02-11 12:56:12,evolution,RUNNING,99918.86,1649.216
2026-02-11 12:56:12,supabase-imgproxy,RUNNING,98894.84,1649.216
2026-02-11 12:56:12,chatwoot_postgresV2,RUNNING,98770.16,1649.216
2026-02-11 12:56:12,gemini,RUNNING,99395.21,1649.216
2026-02-11 12:56:12,realtime-dev.supabase-realtime,RUNNING,99179.1,1649.216
2026-02-11 12:56:12,n8n,RUNNING,99433.45,1649.216
2026-02-11 12:56:12,supabase-auth,RUNNING,100231.39,1649.216
2026-02-11 12:56:12,supabase-edge-functions,RUNNING,100806.57,1649.216
2026-02-11 12:56:12,n8n_redis,RUNNING,97639.74,1649.216
2026-02-11 12:56:12,supabase-vector,RUNNING,101832.26,1649.216
2026-02-11 12:56:12,chatwoot_sidekiq,RUNNING,101288.66,1649.216
2026-02-11 12:56:12,supabase-db,RUNNING,98213.26,1649.216
2026-02-11 12:56:12,supabase-kong,RUNNING,97315.58,1649.216
2026-02-11 12:56:12,redis,RUNNING,99967.07,1649.216
2026-02-11 12:56:12,postgres,RUNNING,101328.56,1649.216
2026-02-11 12:56:12,adminer,RUNNING,99366.95,1649.216
2026-02-11 12:56:12,chatwoot_sidekiqV2,RUNNING,101584.56,1649.216
2026-02-11 12:56:12,supabase-storage,RUNNING,100528.96,1649.216
2026-02-11 12:56:12,chatwoot_postgres,RUNNING,97787.69,1649.216
2026-02-11 12:56:12,n8n_postgres,RUNNING,99260.56,1649.216
2026-02-11 12:56:12,supabase-analytics,RUNNING,100951.2,1649.216
2026-02-11 12:56:12,n8n_pgvector,RUNNING,100613.74,1649.216
2026-02-11 12:56:12,chatwoot_redis,RUNNING,100399.29,1649.216
2026-02-11 12:56:12,supabase-meta,RUNNING,100816.55,1649.216
2026-02-11 12:56:12,supabase-studio,RUNNING,98876.55,1649.216
2026-02-11 12:56:12,db_proxy,RUNNING,100341.11,1649.216
2026-02-11 12:55:12,cadvisor,RUNNING,99122.29,1649.216
2026-02-11 12:55:12,waha,RUNNING,100031.99,1649.216
2026-02-11 12:55:12,app_proxy,RUNNING,100994.81,1649.216
2026-02-11 12:55:12,chatwoot_redisV2,RUNNING,101316.86,1649.216
2026-02-11 12:55:12,supabase-rest,RUNNING,98287.3,1649.216
2026-02-11 12:55:12,evolution,RUNNING,101657.17,1649.216
2026-02-11 12:55:12,supabase-imgproxy,RUNNING,101253.78,1649.216
2026-02-11 12:55:12,chatwoot_postgresV2,RUNNING,100983.19,1649.216
2026-02-11 12:55:12,gemini,RUNNING,101167.46,1649.216
2026-02-11 12:55:12,realtime-dev.supabase-realtime,RUNNING,100752.45,1649.216
2026-02-11 12:55:12,supabase-pooler,RUNNING,100008.68,1649.216
2026-02-11 12:55:12,n8n,RUNNING,100181.4,1649.216
2026-02-11 12:55:12,supabase-auth,RUNNING,101248.8,1649.216
2026-02-11 12:55:12,supabase-edge-functions,RUNNING,97832.45,1649.216
2026-02-11 12:55:12,n8n_redis,RUNNING,102641.57,1649.216
2026-02-11 12:55:12,supabase-vector,RUNNING,98270.7,1649.216
2026-02-11 12:55:12,chatwoot_sidekiq,RUNNING,98288.96,1649.216
2026-02-11 12:55:12,supabase-db,RUNNING,102449.0,1649.216
2026-02-11 12:55:12,supabase-kong,RUNNING,100520.04,1649.216
2026-02-11 12:55:12,redis,RUNNING,100852.05,1649.216
2026-02-11 12:55:12,postgres,RUNNING,99543.94,1649.216
2026-02-11 12:55:12,adminer,RUNNING,100853.71,1649.216
2026-02-11 12:55:12,chatwoot_sidekiqV2,RUNNING,97508.74,1649.216
2026-02-11 12:55:12,supabase-storage,RUNNING,100641.22,1649.216
2026-02-11 12:55:12,chatwoot_postgres,RUNNING,99797.93,1649.216
2026-02-11 12:55:12,n8n_postgres,RUNNING,101265.4,1649.216
2026-02-11 12:55:12,supabase-analytics,RUNNING,99593.74,1649.216
2026-02-11 12:55:12,n8n_pgvector,RUNNING,98667.44,1649.216
2026-02-11 12:55:12,chatwoot_redis,RUNNING,100133.25,1649.216
2026-02-11 12:55:12,supabase-meta,RUNNING,98675.74,1649.216
2026-02-11 12:55:12,supabase-studio,RUNNING,100687.71,1649.216
2026-02-11 12:55:12,db_proxy,RUNNING,99485.84,1649.216
2026-02-11 12:54:12,cadvisor,RUNNING,102166.84,1649.216
2026-02-11 12:54:12,waha,RUNNING,100407.69,1649.216
2026-02-11 12:54:12,app_proxy,RUNNING,99590.41,1649.216
2026-02-11 12:54:12,chatwoot_redisV2,RUNNING,99364.49,1649.216
2026-02-11 12:54:12,supabase-rest,RUNNING,102744.92,1649.216
2026-02-11 12:54:12,evolution,RUNNING,99337.92,1649.216
2026-02-11 12:54:12,supabase-imgproxy,RUNNING,100339.58,1649.216
2026-02-11 12:54:12,chatwoot_postgresV2,RUNNING,99479.11,1649.216
2026-02-11 12:54:12,gemini,RUNNING,99198.38,1649.216
2026-02-11 12:54:12,realtime-dev.supabase-realtime,RUNNING,99009.01,1649.216
2026-02-11 12:54:12,n8n,RUNNING,101105.37,1649.216
2026-02-11 12:54:12,supabase-auth,RUNNING,99072.13,1649.216
2026-02-11 12:54:12,supabase-edge-functions,RUNNING,100366.16,1649.216
2026-02-11 12:54:12,n8n_redis,RUNNING,98698.38,1649.216
2026-02-11 12:54:12,supabase-vector,RUNNING,101178.46,1649.216
2026-02-11 12:54:12,chatwoot_sidekiq,RUNNING,100708.36,1649.216
2026-02-11 12:54:12,supabase-db,RUNNING,97821.29,1649.216
2026-02-11 12:54:12,supabase-kong,RUNNING,101219.99,1649.216
2026-02-11 12:54:12,redis,RUNNING,99000.7,1649.216
2026-02-11 12:54:12,rabbitmq,RUNNING,100075.06,1649.216
2026-02-11 12:54:12,postgres,RUNNING,99131.93,1649.216
2026-02-11 12:54:12,adminer,RUNNING,97965.81,1649.216
2026-02-11 12:54:12,chatwoot_sidekiqV2,RUNNING,101291.42,1649.216
2026-02-11 12:54:12,supabase-storage,RUNNING,99964.17,1649.216
2026-02-11 12:54:12,chatwoot_postgres,RUNNING,99608.68,1649.216
2026-02-11 12:54:12,n8n_postgres,RUNNING,100573.8,1649.216
2026-02-11 12:54:12,supabase-analytics,RUNNING,100518.99,1649.216
2026-02-11 12:54:12,n8n_pgvector,RUNNING,100940.92,1649.216
2026-02-11 12:54:12,chatwoot_redis,RUNNING,102112.02,1649.216
2026-02-11 12:54:12,supabase-meta,RUNNING,101462.51,1649.216
2026-02-11 12:54:12,supabase-studio,RUNNING,99813.0,1649.216
2026-02-11 12:54:12,db_proxy,RUNNING,100228.29,1649.216
2026-02-11 12:53:12,cadvisor,RUNNING,98999.47,1649.216
2026-02-11 12:53:12,waha,RUNNING,100437.95,1649.216
2026-02-11 12:53:12,app_proxy,RUNNING,100958.92,1649.216
2026-02-11 12:53:12,chatwoot_redisV2,RUNNING,99158.75,1649.216
2026-02-11 12:53:12,supabase-rest,RUNNING,99766.0,1649.216
2026-02-11 12:53:12,evolution,RUNNING,98578.05,1649.216
2026-02-11 12:53:12,supabase-imgproxy,RUNNING,98637.78,1649.216
2026-02-11 12:53:12,chatwoot_postgresV2,RUNNING,101440.07,1649.216
2026-02-11 12:53:12,gemini,RUNNING,100997.08,1649.216
2026-02-11 12:53:12,realtime-dev.supabase-realtime,RUNNING,98695.85,1649.216
2026-02-11 12:53:12,n8n,RUNNING,99167.05,1649.216
2026-02-11 12:53:12,supabase-auth,RUNNING,101282.45,1649.216
2026-02-11 12:53:12,supabase-edge-functions,RUNNING,99152.11,1649.216
2026-02-11 12:53:12,n8n_redis,RUNNING,99868.86,1649.216
2026-02-11 12:53:12,supabase-vector,RUNNING,98392.22,1649.216
2026-02-11 12:53:12,chatwoot_sidekiq,RUNNING,99427.53,1649.216
2026-02-11 12:53:12,supabase-db,RUNNING,101181.25,1649.216
2026-02-11 12:53:12,supabase-kong,RUNNING,100560.73,1649.216
2026-02-11 12:53:12,redis,RUNNING,99824.07,1649.216
2026-02-11 12:53:12,postgres,RUNNING,100099.48,1649.216
2026-02-11 12:53:12,adminer,RUNNING,100121.05,1649.216
2026-02-11 12:53:12,chatwoot_sidekiqV2,RUNNING,98307.61,1649.216
2026-02-11 12:53:12,supabase-storage,RUNNING,100519.25,1649.216
2026-02-11 12:53:12,chatwoot_postgres,RUNNING,100227.24,1649.216
2026-02-11 12:53:12,n8n_postgres,RUNNING,99193.59,1649.216
2026-02-11 12:53:12,supabase-analytics,RUNNING,100467.81,1649.216
2026-02-11 12:53:12,n8n_pgvector,RUNNING,100578.98,1649.216
2026-02-11 12:53:12,chatwoot_redis,RUNNING,98325.86,1649.216
2026-02-11 12:53:12,supabase-meta,RUNNING,99110.63,1649.216
2026-02-11 12:53:12,supabase-studio,RUNNING,101373.71,1649.216
2026-02-11 12:53:12,db_proxy,RUNNING,99545.33,1649.216
2026-02-11 12:52:11,cadvisor,RUNNING,98435.09,1649.216
2026-02-11 12:52:11,waha,RUNNING,98812.35,1649.216
2026-02-11 12:52:11,app_proxy,RUNNING,98723.88,1649.216
2026-02-11 12:52:11,chatwoot_redisV2,RUNNING,100493.36,1649.216
2026-02-11 12:52:11,supabase-rest,RUNNING,96860.91,1649.216
2026-02-11 12:52:11,evolution,RUNNING,101388.12,1649.216
2026-02-11 12:52:11,supabase-imgproxy,RUNNING,100156.16,1649.216
2026-02-11 12:52:11,chatwoot_postgresV2,RUNNING,98496.85,1649.216
2026-02-11 12:52:11,gemini,RUNNING,99778.89,1649.216
2026-02-11 12:52:11,realtime-dev.supabase-realtime,RUNNING,101531.68,1649.216
2026-02-11 12:52:11,n8n,RUNNING,99673.73,1649.216
2026-02-11 12:52:11,supabase-auth,RUNNING,99423.33,1649.216
2026-02-11 12:52:11,supabase-edge-functions,RUNNING,101641.86,1649.216
2026-02-11 12:52:11,n8n_redis,RUNNING,100850.6,1649.216
2026-02-11 12:52:11,supabase-vector,RUNNING,100094.4,1649.216
2026-02-11 12:52:11,chatwoot_sidekiq,RUNNING,99311.48,1649.216
2026-02-11 12:52:11,supabase-db,RUNNING,100037.64,1649.216
2026-02-11 12:52:11,supabase-kong,RUNNING,98618.71,1649.216
2026-02-11 12:52:11,redis,RUNNING,101035.89,1649.216
2026-02-11 12:52:11,postgres,RUNNING,101944.01,1649.216
2026-02-11 12:52:11,adminer,RUNNING,99605.28,1649.216
2026-02-11 12:52:11,chatwoot_sidekiqV2,RUNNING,101575.09,1649.216
2026-02-11 12:52:11,supabase-storage,RUNNING,97919.27,1649.216
2026-02-11 12:52:11,chatwoot_postgres,RUNNING,101581.76,1649.216
2026-02-11 12:52:11,n8n_postgres,RUNNING,99690.42,1649.216
2026-02-11 12:52:11,supabase-analytics,RUNNING,99495.11,1649.216
2026-02-11 12:52:11,n8n_pgvector,RUNNING,99560.21,1649.216
2026-02-11 12:52:11,chatwoot_redis,RUNNING,101852.19,1649.216
2026-02-11 12:52:11,supabase-meta,RUNNING,98597.01,1649.216
2026-02-11 12:52:11,supabase-studio,RUNNING,100777.15,1649.216
2026-02-11 12:52:11,db_proxy,RUNNING,99999.24,1649.216
2026-02-11 12:51:12,cadvisor,RUNNING,100943.1,1649.216
2026-02-11 12:51:12,waha,RUNNING,99893.83,1649.216
2026-02-11 12:51:12,app_proxy,RUNNING,100734.92,1649.216
2026-02-11 12:51:12,chatwoot_redisV2,RUNNING,101702.58,1649.216
2026-02-11 12:51:12,supabase-rest,RUNNING,102556.98,1649.216
2026-02-11 12:51:12,evolution,RUNNING,100596.68,1649.216
2026-02-11 12:51:12,supabase-imgproxy,RUNNING,101884.12,1649.216
2026-02-11 12:51:12,chatwoot_postgresV2,RUNNING,101336.16,1649.216
2026-02-11 12:51:12,gemini,RUNNING,98683.01,1649.216
2026-02-11 12:51:12,realtime-dev.supabase-realtime,RUNNING,99002.79,1649.216
2026-02-11 12:51:12,n8n,RUNNING,98969.48,1649.216
2026-02-11 12:51:12,supabase-auth,RUNNING,99675.65,1649.216
2026-02-11 12:51:12,supabase-edge-functions,RUNNING,100811.53,1649.216
2026-02-11 12:51:12,n8n_redis,RUNNING,98421.52,1649.216
2026-02-11 12:51:12,supabase-vector,RUNNING,99584.05,1649.216
2026-02-11 12:51:12,chatwoot_sidekiq,RUNNING,101199.59,1649.216
2026-02-11 12:51:12,supabase-db,RUNNING,101088.0,1649.216
2026-02-11 12:51:12,supabase-kong,RUNNING,100721.59,1649.216
2026-02-11 12:51:12,redis,RUNNING,98669.69,1649.216
2026-02-11 12:51:12,postgres,RUNNING,97961.84,1649.216
2026-02-11 12:51:12,adminer,RUNNING,101665.93,1649.216
2026-02-11 12:51:12,chatwoot_sidekiqV2,RUNNING,99955.46,1649.216
2026-02-11 12:51:12,supabase-storage,RUNNING,100684.95,1649.216
2026-02-11 12:51:12,chatwoot_postgres,RUNNING,99255.94,1649.216
2026-02-11 12:51:12,n8n_postgres,RUNNING,101201.26,1649.216
2026-02-11 12:51:12,supabase-analytics,RUNNING,100396.82,1649.216
2026-02-11 12:51:12,n8n_pgvector,RUNNING,98981.14,1649.216
2026-02-11 12:51:12,chatwoot_redis,RUNNING,98526.45,1649.216
2026-02-11 12:51:12,supabase-meta,RUNNING,100423.47,1649.216
2026-02-11 12:51:12,supabase-studio,RUNNING,97791.96,1649.216
2026-02-11 12:51:12,db_proxy,RUNNING,101102.99,1649.216
2026-02-11 12:50:12,cadvisor,RUNNING,99844.67,1649.216
2026-02-11 12:50:12,waha,RUNNING,100781.02,1649.216
2026-02-11 12:50:12,app_proxy,RUNNING,100371.37,1649.216
2026-02-11 12:50:12,chatwoot_redisV2,RUNNING,99473.48,1649.216
2026-02-11 12:50:12,supabase-rest,RUNNING,98471.92,1649.216
2026-02-11 12:50:12,evolution,RUNNING,99073.86,1649.216
2026-02-11 12:50:12,supabase-imgproxy,RUNNING,98184.33,1649.216
2026-02-11 12:50:12,chatwoot_postgresV2,RUNNING,98095.71,1649.216
2026-02-11 12:50:12,gemini,RUNNING,100587.06,1649.216
2026-02-11 12:50:12,realtime-dev.supabase-realtime,RUNNING,100421.53,1649.216
2026-02-11 12:50:12,n8n,RUNNING,100036.96,1649.216
2026-02-11 12:50:12,supabase-auth,RUNNING,100394.78,1649.216
2026-02-11 12:50:12,supabase-edge-functions,RUNNING,98353.21,1649.216
2026-02-11 12:50:12,n8n_redis,RUNNING,102018.34,1649.216
2026-02-11 12:50:12,supabase-vector,RUNNING,100918.13,1649.216
2026-02-11 12:50:12,chatwoot_sidekiq,RUNNING,100938.19,1649.216
2026-02-11 12:50:12,supabase-db,RUNNING,98975.21,1649.216
2026-02-11 12:50:12,supabase-kong,RUNNING,100423.2,1649.216
2026-02-11 12:50:12,redis,RUNNING,100003.52,1649.216
2026-02-11 12:50:12,postgres,RUNNING,101026.81,1649.216
2026-02-11 12:50:12,adminer,RUNNING,99672.45,1649.216
2026-02-11 12:50:12,chatwoot_sidekiqV2,RUNNING,100304.49,1649.216
2026-02-11 12:50:12,supabase-storage,RUNNING,101215.75,1649.216
2026-02-11 12:50:12,chatwoot_postgres,RUNNING,99998.5,1649.216
2026-02-11 12:50:12,n8n_postgres,RUNNING,98191.02,1649.216
2026-02-11 12:50:12,supabase-analytics,RUNNING,100057.02,1649.216
2026-02-11 12:50:12,n8n_pgvector,RUNNING,101364.57,1649.216
2026-02-11 12:50:12,chatwoot_redis,RUNNING,100122.23,1649.216
2026-02-11 12:50:12,supabase-meta,RUNNING,101535.11,1649.216
2026-02-11 12:50:12,supabase-studio,RUNNING,100234.26,1649.216
2026-02-11 12:50:12,db_proxy,RUNNING,98677.58,1649.216
2026-02-11 12:49:12,cadvisor,RUNNING,100333.53,1649.216
2026-02-11 12:49:12,waha,RUNNING,99972.27,1649.216
2026-02-11 12:49:12,app_proxy,RUNNING,99874.04,1649.216
2026-02-11 12:49:12,chatwoot_redisV2,RUNNING,99830.76,1649.216
2026-02-11 12:49:12,supabase-rest,RUNNING,99293.03,1649.216
2026-02-11 12:49:12,evolution,RUNNING,98811.91,1649.216
2026-02-11 12:49:12,supabase-imgproxy,RUNNING,100536.63,1649.216
2026-02-11 12:49:12,chatwoot_postgresV2,RUNNING,100423.42,1649.216
2026-02-11 12:49:12,gemini,RUNNING,99346.31,1649.216
2026-02-11 12:49:12,realtime-dev.supabase-realtime,RUNNING,99689.25,1649.216
2026-02-11 12:49:12,n8n,RUNNING,100761.38,1649.216
2026-02-11 12:49:12,supabase-auth,RUNNING,99146.53,1649.216
2026-02-11 12:49:12,supabase-edge-functions,RUNNING,101277.46,1649.216
2026-02-11 12:49:12,n8n_redis,RUNNING,98054.43,1649.216
2026-02-11 12:49:12,supabase-vector,RUNNING,100749.72,1649.216
2026-02-11 12:49:12,chatwoot_sidekiq,RUNNING,98605.47,1649.216
2026-02-11 12:49:12,supabase-db,RUNNING,100696.45,1649.216
2026-02-11 12:49:12,supabase-kong,RUNNING,98187.61,1649.216
2026-02-11 12:49:12,redis,RUNNING,101092.67,1649.216
2026-02-11 12:49:12,postgres,RUNNING,100956.16,1649.216
2026-02-11 12:49:12,adminer,RUNNING,101244.17,1649.216
2026-02-11 12:49:12,chatwoot_sidekiqV2,RUNNING,98320.8,1649.216
2026-02-11 12:49:12,supabase-storage,RUNNING,99263.07,1649.216
2026-02-11 12:49:12,chatwoot_postgres,RUNNING,99339.65,1649.216
2026-02-11 12:49:12,n8n_postgres,RUNNING,99755.84,1649.216
2026-02-11 12:49:12,supabase-analytics,RUNNING,98855.19,1649.216
2026-02-11 12:49:12,n8n_pgvector,RUNNING,98786.94,1649.216
2026-02-11 12:49:12,chatwoot_redis,RUNNING,99774.16,1649.216
2026-02-11 12:49:12,supabase-meta,RUNNING,100579.91,1649.216
2026-02-11 12:49:12,supabase-studio,RUNNING,99201.47,1649.216
2026-02-11 12:49:12,db_proxy,RUNNING,101888.44,1649.216
2026-02-11 12:48:12,cadvisor,RUNNING,100884.05,1649.216
2026-02-11 12:48:12,waha,RUNNING,100111.05,1649.216
2026-02-11 12:48:12,app_proxy,RUNNING,98443.69,1649.216
2026-02-11 12:48:12,chatwoot_redisV2,RUNNING,100534.95,1649.216
2026-02-11 12:48:12,supabase-rest,RUNNING,100195.83,1649.216
2026-02-11 12:48:12,evolution,RUNNING,99836.76,1649.216
2026-02-11 12:48:12,supabase-imgproxy,RUNNING,100383.68,1649.216
2026-02-11 12:48:12,chatwoot_postgresV2,RUNNING,101834.92,1649.216
2026-02-11 12:48:12,gemini,RUNNING,101150.03,1649.216
2026-02-11 12:48:12,realtime-dev.supabase-realtime,RUNNING,99052.12,1649.216
2026-02-11 12:48:12,n8n,RUNNING,99791.87,1649.216
2026-02-11 12:48:12,supabase-auth,RUNNING,101027.01,1649.216
2026-02-11 12:48:12,supabase-edge-functions,RUNNING,99510.93,1649.216
2026-02-11 12:48:12,n8n_redis,RUNNING,99417.84,1649.216
2026-02-11 12:48:12,supabase-vector,RUNNING,99944.81,1649.216
2026-02-11 12:48:12,chatwoot_sidekiq,RUNNING,100647.99,1649.216
2026-02-11 12:48:12,supabase-db,RUNNING,99082.04,1649.216
2026-02-11 12:48:12,supabase-kong,RUNNING,101625.46,1649.216
2026-02-11 12:48:12,redis,RUNNING,100097.75,1649.216
2026-02-11 12:48:12,postgres,RUNNING,97836.93,1649.216
2026-02-11 12:48:12,adminer,RUNNING,97431.31,1649.216
2026-02-11 12:48:12,chatwoot_sidekiqV2,RUNNING,99976.4,1649.216
2026-02-11 12:48:12,supabase-storage,RUNNING,101214.86,1649.216
2026-02-11 12:48:12,chatwoot_postgres,RUNNING,98834.35,1649.216
2026-02-11 12:48:12,n8n_postgres,RUNNING,101437.62,1649.216
2026-02-11 12:48:12,supabase-analytics,RUNNING,99233.32,1649.216
2026-02-11 12:48:12,n8n_pgvector,RUNNING,99449.43,1649.216
2026-02-11 12:48:12,chatwoot_redis,RUNNING,99687.14,1649.216
2026-02-11 12:48:12,supabase-meta,RUNNING,98879.23,1649.216
2026-02-11 12:48:12,supabase-studio,RUNNING,99911.56,1649.216
2026-02-11 12:48:12,db_proxy,RUNNING,98684.74,1649.216
2026-02-11 12:47:12,cadvisor,RUNNING,100811.64,1649.216
2026-02-11 12:47:12,waha,RUNNING,100404.85,1649.216
2026-02-11 12:47:12,app_proxy,RUNNING,102220.56,1649.216
2026-02-11 12:47:12,chatwoot_redisV2,RUNNING,100811.64,1649.216
2026-02-11 12:47:12,supabase-rest,RUNNING,101846.94,1649.216
2026-02-11 12:47:12,evolution,RUNNING,103884.37,1649.216
2026-02-11 12:47:12,supabase-imgproxy,RUNNING,100130.75,1649.216
2026-02-11 12:47:12,chatwoot_postgresV2,RUNNING,99814.75,1649.216
2026-02-11 12:47:12,gemini,RUNNING,101024.64,1649.216
2026-02-11 12:47:12,realtime-dev.supabase-realtime,RUNNING,103107.46,1649.216
2026-02-11 12:47:12,n8n,RUNNING,101468.09,1649.216
2026-02-11 12:47:12,supabase-auth,RUNNING,99285.75,1649.216
2026-02-11 12:47:12,supabase-edge-functions,RUNNING,101742.19,1649.216
2026-02-11 12:47:12,n8n_redis,RUNNING,101934.23,1649.216
2026-02-11 12:47:12,supabase-vector,RUNNING,100490.4,1649.216
2026-02-11 12:47:12,chatwoot_sidekiq,RUNNING,101724.73,1649.216
2026-02-11 12:47:12,supabase-db,RUNNING,101462.85,1649.216
2026-02-11 12:47:12,supabase-kong,RUNNING,102332.29,1649.216
2026-02-11 12:47:12,redis,RUNNING,102484.18,1649.216
2026-02-11 12:47:12,postgres,RUNNING,101090.98,1649.216
2026-02-11 12:47:12,adminer,RUNNING,102419.59,1649.216
2026-02-11 12:47:12,chatwoot_sidekiqV2,RUNNING,102135.01,1649.216
2026-02-11 12:47:12,supabase-storage,RUNNING,99853.16,1649.216
2026-02-11 12:47:12,chatwoot_postgres,RUNNING,102388.16,1649.216
2026-02-11 12:47:12,n8n_postgres,RUNNING,100411.84,1649.216
2026-02-11 12:47:12,supabase-analytics,RUNNING,102335.78,1649.216
2026-02-11 12:47:12,n8n_pgvector,RUNNING,101654.9,1649.216
2026-02-11 12:47:12,chatwoot_redis,RUNNING,103083.02,1649.216
2026-02-11 12:47:12,supabase-meta,RUNNING,102321.82,1649.216
2026-02-11 12:47:12,supabase-studio,RUNNING,101290.01,1649.216
2026-02-11 12:47:12,db_proxy,RUNNING,102119.3,1649.216
2026-02-11 12:46:14,cadvisor,RUNNING,98385.15,1649.216
2026-02-11 12:46:14,waha,RUNNING,99873.28,1649.216
2026-02-11 12:46:14,app_proxy,RUNNING,99690.05,1649.216
2026-02-11 12:46:14,chatwoot_redisV2,RUNNING,97422.81,1649.216
2026-02-11 12:46:14,supabase-rest,RUNNING,99471.77,1649.216
2026-02-11 12:46:14,evolution,RUNNING,98150.94,1649.216
2026-02-11 12:46:14,supabase-imgproxy,RUNNING,99868.5,1649.216
2026-02-11 12:46:14,chatwoot_postgresV2,RUNNING,98139.79,1649.216
2026-02-11 12:46:14,gemini,RUNNING,98299.12,1649.216
2026-02-11 12:46:14,realtime-dev.supabase-realtime,RUNNING,98009.14,1649.216
2026-02-11 12:46:14,n8n,RUNNING,100196.71,1649.216
2026-02-11 12:46:14,supabase-auth,RUNNING,100364.01,1649.216
2026-02-11 12:46:14,supabase-edge-functions,RUNNING,97752.62,1649.216
2026-02-11 12:46:14,n8n_redis,RUNNING,99388.92,1649.216
2026-02-11 12:46:14,supabase-vector,RUNNING,99618.35,1649.216
2026-02-11 12:46:14,chatwoot_sidekiq,RUNNING,97244.36,1649.216
2026-02-11 12:46:14,supabase-db,RUNNING,98381.97,1649.216
2026-02-11 12:46:14,supabase-kong,RUNNING,97311.28,1649.216
2026-02-11 12:46:14,redis,RUNNING,98201.93,1649.216
2026-02-11 12:46:14,postgres,RUNNING,98934.84,1649.216
2026-02-11 12:46:14,adminer,RUNNING,98082.43,1649.216
2026-02-11 12:46:14,chatwoot_sidekiqV2,RUNNING,97768.55,1649.216
2026-02-11 12:46:14,supabase-storage,RUNNING,98193.96,1649.216
2026-02-11 12:46:14,chatwoot_postgres,RUNNING,98093.58,1649.216
2026-02-11 12:46:14,n8n_postgres,RUNNING,99141.96,1649.216
2026-02-11 12:46:14,supabase-analytics,RUNNING,97962.93,1649.216
2026-02-11 12:46:14,n8n_pgvector,RUNNING,100013.49,1649.216
2026-02-11 12:46:14,chatwoot_redis,RUNNING,97606.04,1649.216
2026-02-11 12:46:14,supabase-meta,RUNNING,97853.0,1649.216
2026-02-11 12:46:14,supabase-studio,RUNNING,99408.04,1649.216
2026-02-11 12:46:14,db_proxy,RUNNING,97540.71,1649.216
2026-02-11 12:45:11,cadvisor,RUNNING,100678.09,1649.216
2026-02-11 12:45:11,waha,RUNNING,101375.12,1649.216
2026-02-11 12:45:11,app_proxy,RUNNING,99378.65,1649.216
2026-02-11 12:45:11,chatwoot_redisV2,RUNNING,101697.07,1649.216
2026-02-11 12:45:11,supabase-rest,RUNNING,98907.33,1649.216
2026-02-11 12:45:11,evolution,RUNNING,99171.2,1649.216
2026-02-11 12:45:11,supabase-imgproxy,RUNNING,101187.58,1649.216
2026-02-11 12:45:11,chatwoot_postgresV2,RUNNING,99552.9,1649.216
2026-02-11 12:45:11,gemini,RUNNING,101715.33,1649.216
2026-02-11 12:45:11,realtime-dev.supabase-realtime,RUNNING,99899.75,1649.216
2026-02-11 12:45:11,n8n,RUNNING,100107.2,1649.216
2026-02-11 12:45:11,supabase-auth,RUNNING,99695.63,1649.216
2026-02-11 12:45:11,supabase-edge-functions,RUNNING,99337.16,1649.216
2026-02-11 12:45:11,n8n_redis,RUNNING,99941.24,1649.216
2026-02-11 12:45:11,supabase-vector,RUNNING,99971.11,1649.216
2026-02-11 12:45:11,chatwoot_sidekiq,RUNNING,100580.18,1649.216
2026-02-11 12:45:11,supabase-db,RUNNING,99931.29,1649.216
2026-02-11 12:45:11,supabase-kong,RUNNING,100570.22,1649.216
2026-02-11 12:45:11,redis,RUNNING,98329.8,1649.216
2026-02-11 12:45:11,postgres,RUNNING,101386.73,1649.216
2026-02-11 12:45:11,adminer,RUNNING,100679.75,1649.216
2026-02-11 12:45:11,chatwoot_sidekiqV2,RUNNING,101016.65,1649.216
2026-02-11 12:45:11,supabase-storage,RUNNING,101006.69,1649.216
2026-02-11 12:45:11,chatwoot_postgres,RUNNING,100314.65,1649.216
2026-02-11 12:45:11,n8n_postgres,RUNNING,100716.26,1649.216
2026-02-11 12:45:11,supabase-analytics,RUNNING,100293.07,1649.216
2026-02-11 12:45:11,n8n_pgvector,RUNNING,98915.63,1649.216
2026-02-11 12:45:11,chatwoot_redis,RUNNING,99406.86,1649.216
2026-02-11 12:45:11,supabase-meta,RUNNING,100985.11,1649.216
2026-02-11 12:45:11,supabase-studio,RUNNING,102155.12,1649.216
2026-02-11 12:45:11,db_proxy,RUNNING,102375.84,1649.216
2026-02-11 12:44:11,cadvisor,RUNNING,98017.63,1649.216
2026-02-11 12:44:11,waha,RUNNING,98839.89,1649.216
2026-02-11 12:44:11,app_proxy,RUNNING,99662.15,1649.216
2026-02-11 12:44:11,chatwoot_redisV2,RUNNING,100444.39,1649.216
2026-02-11 12:44:11,supabase-rest,RUNNING,100834.67,1649.216
2026-02-11 12:44:11,evolution,RUNNING,100866.36,1649.216
2026-02-11 12:44:11,supabase-imgproxy,RUNNING,99843.95,1649.216
2026-02-11 12:44:11,chatwoot_postgresV2,RUNNING,101568.53,1649.216
2026-02-11 12:44:11,gemini,RUNNING,98466.29,1649.216
2026-02-11 12:44:11,realtime-dev.supabase-realtime,RUNNING,101251.64,1649.216
2026-02-11 12:44:11,n8n,RUNNING,97567.3,1649.216
2026-02-11 12:44:11,supabase-auth,RUNNING,103813.49,1649.216
2026-02-11 12:44:11,supabase-edge-functions,RUNNING,100467.74,1649.216
2026-02-11 12:44:11,n8n_redis,RUNNING,100059.11,1649.216
2026-02-11 12:44:11,supabase-vector,RUNNING,98416.25,1649.216
2026-02-11 12:44:11,chatwoot_sidekiq,RUNNING,101943.81,1649.216
2026-02-11 12:44:11,supabase-db,RUNNING,100050.77,1649.216
2026-02-11 12:44:11,supabase-kong,RUNNING,97899.21,1649.216
2026-02-11 12:44:11,redis,RUNNING,102869.48,1649.216
2026-02-11 12:44:11,postgres,RUNNING,99520.38,1649.216
2026-02-11 12:44:11,adminer,RUNNING,99293.55,1649.216
2026-02-11 12:44:11,chatwoot_sidekiqV2,RUNNING,100546.13,1649.216
2026-02-11 12:44:11,supabase-storage,RUNNING,99380.28,1649.216
2026-02-11 12:44:11,chatwoot_postgres,RUNNING,99647.14,1649.216
2026-02-11 12:44:11,n8n_postgres,RUNNING,99431.99,1649.216
2026-02-11 12:44:11,supabase-analytics,RUNNING,99418.64,1649.216
2026-02-11 12:44:11,n8n_pgvector,RUNNING,101316.69,1649.216
2026-02-11 12:44:11,chatwoot_redis,RUNNING,101049.83,1649.216
2026-02-11 12:44:11,supabase-meta,RUNNING,98568.03,1649.216
2026-02-11 12:44:11,supabase-studio,RUNNING,97288.77,1649.216
2026-02-11 12:44:11,db_proxy,RUNNING,97845.84,1649.216
2026-02-11 12:43:11,cadvisor,RUNNING,102924.99,1649.216
2026-02-11 12:43:11,waha,RUNNING,99508.91,1649.216
2026-02-11 12:43:11,app_proxy,RUNNING,99889.78,1649.216
2026-02-11 12:43:11,chatwoot_redisV2,RUNNING,99118.03,1649.216
2026-02-11 12:43:11,supabase-rest,RUNNING,100008.38,1649.216
2026-02-11 12:43:11,evolution,RUNNING,98972.7,1649.216
2026-02-11 12:43:11,supabase-imgproxy,RUNNING,98984.39,1649.216
2026-02-11 12:43:11,chatwoot_postgresV2,RUNNING,100155.38,1649.216
2026-02-11 12:43:11,gemini,RUNNING,99535.64,1649.216
2026-02-11 12:43:11,realtime-dev.supabase-realtime,RUNNING,99084.62,1649.216
2026-02-11 12:43:11,n8n,RUNNING,101581.95,1649.216
2026-02-11 12:43:11,supabase-auth,RUNNING,95905.75,1649.216
2026-02-11 12:43:11,supabase-edge-functions,RUNNING,100688.25,1649.216
2026-02-11 12:43:11,n8n_redis,RUNNING,100611.41,1649.216
2026-02-11 12:43:11,supabase-vector,RUNNING,102849.82,1649.216
2026-02-11 12:43:11,chatwoot_sidekiq,RUNNING,100157.05,1649.216
2026-02-11 12:43:11,supabase-db,RUNNING,101885.97,1649.216
2026-02-11 12:43:11,supabase-kong,RUNNING,101981.19,1649.216
2026-02-11 12:43:11,redis,RUNNING,98102.39,1649.216
2026-02-11 12:43:11,postgres,RUNNING,100324.1,1649.216
2026-02-11 12:43:11,adminer,RUNNING,102123.17,1649.216
2026-02-11 12:43:11,chatwoot_sidekiqV2,RUNNING,98621.9,1649.216
2026-02-11 12:43:11,supabase-storage,RUNNING,100609.74,1649.216
2026-02-11 12:43:11,chatwoot_postgres,RUNNING,102403.81,1649.216
2026-02-11 12:43:11,n8n_postgres,RUNNING,101947.78,1649.216
2026-02-11 12:43:11,supabase-analytics,RUNNING,101682.17,1649.216
2026-02-11 12:43:11,n8n_pgvector,RUNNING,98732.15,1649.216
2026-02-11 12:43:11,chatwoot_redis,RUNNING,99214.91,1649.216
2026-02-11 12:43:11,supabase-meta,RUNNING,99318.48,1649.216
2026-02-11 12:43:11,supabase-studio,RUNNING,100504.51,1649.216
2026-02-11 12:43:11,db_proxy,RUNNING,101232.82,1649.216
2026-02-11 12:42:11,cadvisor,RUNNING,98225.13,1649.216
2026-02-11 12:42:11,waha,RUNNING,100526.62,1649.216
2026-02-11 12:42:11,app_proxy,RUNNING,101001.93,1649.216
2026-02-11 12:42:11,chatwoot_redisV2,RUNNING,100546.63,1649.216
2026-02-11 12:42:11,supabase-rest,RUNNING,100211.42,1649.216
2026-02-11 12:42:11,evolution,RUNNING,102364.47,1649.216
2026-02-11 12:42:11,supabase-imgproxy,RUNNING,100616.68,1649.216
2026-02-11 12:42:11,chatwoot_postgresV2,RUNNING,100208.08,1649.216
2026-02-11 12:42:11,gemini,RUNNING,99954.58,1649.216
2026-02-11 12:42:11,realtime-dev.supabase-realtime,RUNNING,99964.59,1649.216
2026-02-11 12:42:11,n8n,RUNNING,99714.43,1649.216
2026-02-11 12:42:11,supabase-auth,RUNNING,100988.58,1649.216
2026-02-11 12:42:11,supabase-edge-functions,RUNNING,101193.72,1649.216
2026-02-11 12:42:11,n8n_redis,RUNNING,100491.6,1649.216
2026-02-11 12:42:11,supabase-vector,RUNNING,98937.26,1649.216
2026-02-11 12:42:11,chatwoot_sidekiq,RUNNING,98041.68,1649.216
2026-02-11 12:42:11,supabase-db,RUNNING,98303.52,1649.216
2026-02-11 12:42:11,supabase-kong,RUNNING,99099.03,1649.216
2026-02-11 12:42:11,redis,RUNNING,101268.76,1649.216
2026-02-11 12:42:11,rabbitmq,RUNNING,99944.5,1649.216
2026-02-11 12:42:11,postgres,RUNNING,98545.34,1649.216
2026-02-11 12:42:11,adminer,RUNNING,98675.42,1649.216
2026-02-11 12:42:11,chatwoot_sidekiqV2,RUNNING,99986.27,1649.216
2026-02-11 12:42:11,supabase-storage,RUNNING,101068.64,1649.216
2026-02-11 12:42:11,chatwoot_postgres,RUNNING,98607.05,1649.216
2026-02-11 12:42:11,n8n_postgres,RUNNING,97626.41,1649.216
2026-02-11 12:42:11,supabase-analytics,RUNNING,99842.84,1649.216
2026-02-11 12:42:11,n8n_pgvector,RUNNING,101308.79,1649.216
2026-02-11 12:42:11,chatwoot_redis,RUNNING,100403.21,1649.216
2026-02-11 12:42:11,supabase-meta,RUNNING,100871.84,1649.216
2026-02-11 12:42:11,supabase-studio,RUNNING,100790.12,1649.216
2026-02-11 12:42:11,db_proxy,RUNNING,99656.06,1649.216
2026-02-11 12:41:11,cadvisor,RUNNING,100535.58,1649.216
2026-02-11 12:41:11,waha,RUNNING,100585.29,1649.216
2026-02-11 12:41:11,app_proxy,RUNNING,99776.64,1649.216
2026-02-11 12:41:11,chatwoot_redisV2,RUNNING,99930.75,1649.216
2026-02-11 12:41:11,supabase-rest,RUNNING,99876.07,1649.216
2026-02-11 12:41:11,evolution,RUNNING,98018.5,1649.216
2026-02-11 12:41:11,supabase-imgproxy,RUNNING,98543.79,1649.216
2026-02-11 12:41:11,chatwoot_postgresV2,RUNNING,98407.91,1649.216
2026-02-11 12:41:11,gemini,RUNNING,102232.41,1649.216
2026-02-11 12:41:11,realtime-dev.supabase-realtime,RUNNING,100331.76,1649.216
2026-02-11 12:41:11,n8n,RUNNING,100407.98,1649.216
2026-02-11 12:41:11,supabase-auth,RUNNING,98530.53,1649.216
2026-02-11 12:41:11,supabase-edge-functions,RUNNING,98470.88,1649.216
2026-02-11 12:41:11,n8n_redis,RUNNING,100055.03,1649.216
2026-02-11 12:41:11,supabase-vector,RUNNING,98820.52,1649.216
2026-02-11 12:41:11,chatwoot_sidekiq,RUNNING,101483.41,1649.216
2026-02-11 12:41:11,supabase-db,RUNNING,99564.54,1649.216
2026-02-11 12:41:11,supabase-kong,RUNNING,101360.79,1649.216
2026-02-11 12:41:11,redis,RUNNING,100021.89,1649.216
2026-02-11 12:41:11,postgres,RUNNING,100126.28,1649.216
2026-02-11 12:41:11,adminer,RUNNING,101233.2,1649.216
2026-02-11 12:41:11,chatwoot_sidekiqV2,RUNNING,101138.75,1649.216
2026-02-11 12:41:11,supabase-storage,RUNNING,97832.91,1649.216
2026-02-11 12:41:11,chatwoot_postgres,RUNNING,100149.48,1649.216
2026-02-11 12:41:11,n8n_postgres,RUNNING,100391.41,1649.216
2026-02-11 12:41:11,supabase-analytics,RUNNING,99203.3,1649.216
2026-02-11 12:41:11,n8n_pgvector,RUNNING,98346.6,1649.216
2026-02-11 12:41:11,chatwoot_redis,RUNNING,98946.45,1649.216
2026-02-11 12:41:11,supabase-meta,RUNNING,100051.71,1649.216
2026-02-11 12:41:11,supabase-studio,RUNNING,100790.76,1649.216
2026-02-11 12:41:11,db_proxy,RUNNING,99566.19,1649.216
2026-02-11 12:40:11,cadvisor,RUNNING,99097.5,1649.215
2026-02-11 12:40:11,waha,RUNNING,99214.07,1649.215
2026-02-11 12:40:11,app_proxy,RUNNING,100676.14,1649.215
2026-02-11 12:40:11,chatwoot_redisV2,RUNNING,98829.4,1649.215
2026-02-11 12:40:11,supabase-rest,RUNNING,99925.12,1649.215
2026-02-11 12:40:11,evolution,RUNNING,101009.18,1649.215
2026-02-11 12:40:11,supabase-imgproxy,RUNNING,102298.06,1649.215
2026-02-11 12:40:11,chatwoot_postgresV2,RUNNING,100969.22,1649.215
2026-02-11 12:40:11,gemini,RUNNING,98722.83,1649.215
2026-02-11 12:40:11,realtime-dev.supabase-realtime,RUNNING,101685.26,1649.215
2026-02-11 12:40:11,n8n,RUNNING,100446.33,1649.215
2026-02-11 12:40:11,supabase-auth,RUNNING,101378.86,1649.215
2026-02-11 12:40:11,supabase-edge-functions,RUNNING,100717.77,1649.215
2026-02-11 12:40:11,n8n_redis,RUNNING,99034.22,1649.215
2026-02-11 12:40:11,supabase-vector,RUNNING,100043.35,1649.215
2026-02-11 12:40:11,chatwoot_sidekiq,RUNNING,99177.43,1649.215
2026-02-11 12:40:11,supabase-db,RUNNING,99768.59,1649.215
2026-02-11 12:40:11,supabase-kong,RUNNING,98789.44,1649.215
2026-02-11 12:40:11,redis,RUNNING,99380.59,1649.215
2026-02-11 12:40:11,postgres,RUNNING,102196.49,1649.215
2026-02-11 12:40:11,adminer,RUNNING,99605.4,1649.215
2026-02-11 12:40:11,chatwoot_sidekiqV2,RUNNING,101099.1,1649.215
2026-02-11 12:40:11,supabase-storage,RUNNING,102802.63,1649.215
2026-02-11 12:40:11,chatwoot_postgres,RUNNING,100832.67,1649.215
2026-02-11 12:40:11,n8n_postgres,RUNNING,99976.74,1649.215
2026-02-11 12:40:11,supabase-analytics,RUNNING,102646.1,1649.215
2026-02-11 12:40:11,n8n_pgvector,RUNNING,100960.89,1649.215
2026-02-11 12:40:11,chatwoot_redis,RUNNING,100716.1,1649.215
2026-02-11 12:40:11,supabase-meta,RUNNING,100982.54,1649.215
2026-02-11 12:40:11,supabase-studio,RUNNING,99610.39,1649.215
2026-02-11 12:40:11,db_proxy,RUNNING,100617.85,1649.215
2026-02-11 12:39:11,cadvisor,RUNNING,101372.69,1649.215
2026-02-11 12:39:11,waha,RUNNING,99252.77,1649.215
2026-02-11 12:39:11,app_proxy,RUNNING,99123.39,1649.215
2026-02-11 12:39:11,chatwoot_redisV2,RUNNING,101614.87,1649.215
2026-02-11 12:39:11,supabase-rest,RUNNING,98987.37,1649.215
2026-02-11 12:39:11,evolution,RUNNING,98574.33,1649.215
2026-02-11 12:39:11,supabase-imgproxy,RUNNING,98045.18,1649.215
2026-02-11 12:39:11,chatwoot_postgresV2,RUNNING,100513.44,1649.215
2026-02-11 12:39:11,gemini,RUNNING,100667.71,1649.215
2026-02-11 12:39:11,realtime-dev.supabase-realtime,RUNNING,99692.35,1649.215
2026-02-11 12:39:11,n8n,RUNNING,101034.3,1649.215
2026-02-11 12:39:11,supabase-auth,RUNNING,99944.48,1649.215
2026-02-11 12:39:11,supabase-edge-functions,RUNNING,101026.0,1649.215
2026-02-11 12:39:11,n8n_redis,RUNNING,99689.03,1649.215
2026-02-11 12:39:11,supabase-vector,RUNNING,101616.53,1649.215
2026-02-11 12:39:11,chatwoot_sidekiq,RUNNING,100251.35,1649.215
2026-02-11 12:39:11,supabase-db,RUNNING,101065.81,1649.215
2026-02-11 12:39:11,supabase-kong,RUNNING,99397.09,1649.215
2026-02-11 12:39:11,redis,RUNNING,98579.31,1649.215
2026-02-11 12:39:11,postgres,RUNNING,99261.07,1649.215
2026-02-11 12:39:11,adminer,RUNNING,99319.12,1649.215
2026-02-11 12:39:11,chatwoot_sidekiqV2,RUNNING,97871.01,1649.215
2026-02-11 12:39:11,supabase-storage,RUNNING,97618.88,1649.215
2026-02-11 12:39:11,chatwoot_postgres,RUNNING,99279.31,1649.215
2026-02-11 12:39:11,n8n_postgres,RUNNING,101772.45,1649.215
2026-02-11 12:39:11,supabase-analytics,RUNNING,98909.41,1649.215
2026-02-11 12:39:11,n8n_pgvector,RUNNING,99259.41,1649.215
2026-02-11 12:39:11,chatwoot_redis,RUNNING,100752.3,1649.215
2026-02-11 12:39:11,supabase-meta,RUNNING,98559.4,1649.215
2026-02-11 12:39:11,supabase-studio,RUNNING,100603.01,1649.215
2026-02-11 12:39:11,db_proxy,RUNNING,100326.0,1649.215
2026-02-11 12:38:11,cadvisor,RUNNING,100664.8,1649.215
2026-02-11 12:38:11,waha,RUNNING,100628.39,1649.215
2026-02-11 12:38:11,app_proxy,RUNNING,100054.13,1649.215
2026-02-11 12:38:11,chatwoot_redisV2,RUNNING,99728.11,1649.215
2026-02-11 12:38:11,supabase-rest,RUNNING,100423.18,1649.215
2026-02-11 12:38:11,evolution,RUNNING,101727.27,1649.215
2026-02-11 12:38:11,supabase-imgproxy,RUNNING,102157.55,1649.215
2026-02-11 12:38:11,chatwoot_postgresV2,RUNNING,100153.42,1649.215
2026-02-11 12:38:11,gemini,RUNNING,98715.28,1649.215
2026-02-11 12:38:11,realtime-dev.supabase-realtime,RUNNING,99152.19,1649.215
2026-02-11 12:38:11,supabase-pooler,RUNNING,100085.22,1649.215
2026-02-11 12:38:11,n8n,RUNNING,99023.1,1649.215
2026-02-11 12:38:11,supabase-auth,RUNNING,100828.64,1649.215
2026-02-11 12:38:11,supabase-edge-functions,RUNNING,99162.12,1649.215
2026-02-11 12:38:11,n8n_redis,RUNNING,100630.05,1649.215
2026-02-11 12:38:11,supabase-vector,RUNNING,99597.37,1649.215
2026-02-11 12:38:11,chatwoot_sidekiq,RUNNING,99595.71,1649.215
2026-02-11 12:38:11,supabase-db,RUNNING,98640.81,1649.215
2026-02-11 12:38:11,supabase-kong,RUNNING,99719.83,1649.215
2026-02-11 12:38:11,redis,RUNNING,100603.57,1649.215
2026-02-11 12:38:11,postgres,RUNNING,100848.5,1649.215
2026-02-11 12:38:11,adminer,RUNNING,100593.64,1649.215
2026-02-11 12:38:11,chatwoot_sidekiqV2,RUNNING,100019.37,1649.215
2026-02-11 12:38:11,supabase-storage,RUNNING,100254.38,1649.215
2026-02-11 12:38:11,chatwoot_postgres,RUNNING,98763.28,1649.215
2026-02-11 12:38:11,n8n_postgres,RUNNING,99650.32,1649.215
2026-02-11 12:38:11,supabase-analytics,RUNNING,99973.04,1649.215
2026-02-11 12:38:11,n8n_pgvector,RUNNING,100262.65,1649.215
2026-02-11 12:38:11,chatwoot_redis,RUNNING,100489.38,1649.215
2026-02-11 12:38:11,supabase-meta,RUNNING,101301.95,1649.215
2026-02-11 12:38:11,supabase-studio,RUNNING,99249.83,1649.215
2026-02-11 12:38:11,db_proxy,RUNNING,99666.87,1649.215
2026-02-11 12:37:10,cadvisor,RUNNING,100366.87,1649.215
2026-02-11 12:37:10,waha,RUNNING,98891.1,1649.215
2026-02-11 12:37:10,app_proxy,RUNNING,99051.95,1649.215
2026-02-11 12:37:10,chatwoot_redisV2,RUNNING,99153.09,1649.215
2026-02-11 12:37:10,supabase-rest,RUNNING,99507.94,1649.215
2026-02-11 12:37:10,evolution,RUNNING,98504.75,1649.215
2026-02-11 12:37:10,supabase-imgproxy,RUNNING,98088.55,1649.215
2026-02-11 12:37:10,chatwoot_postgresV2,RUNNING,100038.55,1649.215
2026-02-11 12:37:10,gemini,RUNNING,100992.0,1649.215
2026-02-11 12:37:10,realtime-dev.supabase-realtime,RUNNING,98478.22,1649.215
2026-02-11 12:37:10,n8n,RUNNING,98032.18,1649.215
2026-02-11 12:37:10,supabase-auth,RUNNING,98685.49,1649.215
2026-02-11 12:37:10,supabase-edge-functions,RUNNING,99257.56,1649.215
2026-02-11 12:37:10,n8n_redis,RUNNING,100516.1,1649.215
2026-02-11 12:37:10,supabase-vector,RUNNING,99335.49,1649.215
2026-02-11 12:37:10,chatwoot_sidekiq,RUNNING,100337.02,1649.215
2026-02-11 12:37:10,supabase-db,RUNNING,102011.76,1649.215
2026-02-11 12:37:10,supabase-kong,RUNNING,100945.57,1649.215
2026-02-11 12:37:10,redis,RUNNING,100109.85,1649.215
2026-02-11 12:37:10,postgres,RUNNING,99360.36,1649.215
2026-02-11 12:37:10,adminer,RUNNING,98164.83,1649.215
2026-02-11 12:37:10,chatwoot_sidekiqV2,RUNNING,102076.43,1649.215
2026-02-11 12:37:10,supabase-storage,RUNNING,98983.96,1649.215
2026-02-11 12:37:10,chatwoot_postgres,RUNNING,101683.45,1649.215
2026-02-11 12:37:10,n8n_postgres,RUNNING,98139.96,1649.215
2026-02-11 12:37:10,supabase-analytics,RUNNING,98629.11,1649.215
2026-02-11 12:37:10,n8n_pgvector,RUNNING,100409.98,1649.215
2026-02-11 12:37:10,chatwoot_redis,RUNNING,99811.38,1649.215
2026-02-11 12:37:10,supabase-meta,RUNNING,99109.98,1649.215
2026-02-11 12:37:10,supabase-studio,RUNNING,99254.24,1649.215
2026-02-11 12:37:10,db_proxy,RUNNING,100529.37,1649.215
2026-02-11 12:36:10,cadvisor,RUNNING,98854.19,1649.215
2026-02-11 12:36:10,waha,RUNNING,100042.37,1649.215
2026-02-11 12:36:10,app_proxy,RUNNING,100532.31,1649.215
2026-02-11 12:36:10,chatwoot_redisV2,RUNNING,101110.57,1649.215
2026-02-11 12:36:10,supabase-rest,RUNNING,100852.27,1649.215
2026-02-11 12:36:10,evolution,RUNNING,100122.36,1649.215
2026-02-11 12:36:10,supabase-imgproxy,RUNNING,100718.95,1649.215
2026-02-11 12:36:10,chatwoot_postgresV2,RUNNING,99319.13,1649.215
2026-02-11 12:36:10,gemini,RUNNING,100149.02,1649.215
2026-02-11 12:36:10,realtime-dev.supabase-realtime,RUNNING,100863.93,1649.215
2026-02-11 12:36:10,n8n,RUNNING,102315.42,1649.215
2026-02-11 12:36:10,supabase-auth,RUNNING,99775.74,1649.215
2026-02-11 12:36:10,supabase-edge-functions,RUNNING,100937.26,1649.215
2026-02-11 12:36:10,n8n_redis,RUNNING,99524.1,1649.215
2026-02-11 12:36:10,supabase-vector,RUNNING,100187.35,1649.215
2026-02-11 12:36:10,chatwoot_sidekiq,RUNNING,98102.62,1649.215
2026-02-11 12:36:10,supabase-db,RUNNING,98424.24,1649.215
2026-02-11 12:36:10,supabase-kong,RUNNING,99229.14,1649.215
2026-02-11 12:36:10,redis,RUNNING,99519.1,1649.215
2026-02-11 12:36:10,postgres,RUNNING,97957.63,1649.215
2026-02-11 12:36:10,adminer,RUNNING,100592.3,1649.215
2026-02-11 12:36:10,chatwoot_sidekiqV2,RUNNING,99369.12,1649.215
2026-02-11 12:36:10,supabase-storage,RUNNING,100787.28,1649.215
2026-02-11 12:36:10,chatwoot_postgres,RUNNING,99622.42,1649.215
2026-02-11 12:36:10,n8n_postgres,RUNNING,100983.92,1649.215
2026-02-11 12:36:10,supabase-analytics,RUNNING,100675.62,1649.215
2026-02-11 12:36:10,n8n_pgvector,RUNNING,98430.91,1649.215
2026-02-11 12:36:10,chatwoot_redis,RUNNING,99409.12,1649.215
2026-02-11 12:36:10,supabase-meta,RUNNING,100089.03,1649.215
2026-02-11 12:36:10,supabase-studio,RUNNING,99997.38,1649.215
2026-02-11 12:36:10,db_proxy,RUNNING,97726.0,1649.215
2026-02-11 12:35:10,cadvisor,RUNNING,98483.08,1649.215
2026-02-11 12:35:10,waha,RUNNING,101073.59,1649.215
2026-02-11 12:35:10,app_proxy,RUNNING,99229.89,1649.215
2026-02-11 12:35:10,chatwoot_redisV2,RUNNING,98993.18,1649.215
2026-02-11 12:35:10,supabase-rest,RUNNING,100910.23,1649.215
2026-02-11 12:35:10,evolution,RUNNING,100123.4,1649.215
2026-02-11 12:35:10,supabase-imgproxy,RUNNING,99835.01,1649.215
2026-02-11 12:35:10,chatwoot_postgresV2,RUNNING,100458.47,1649.215
2026-02-11 12:35:10,gemini,RUNNING,99755.0,1649.215
2026-02-11 12:35:10,realtime-dev.supabase-realtime,RUNNING,101300.31,1649.215
2026-02-11 12:35:10,n8n,RUNNING,98414.73,1649.215
2026-02-11 12:35:10,supabase-auth,RUNNING,100388.46,1649.215
2026-02-11 12:35:10,supabase-edge-functions,RUNNING,100440.13,1649.215
2026-02-11 12:35:10,n8n_redis,RUNNING,100400.13,1649.215
2026-02-11 12:35:10,supabase-vector,RUNNING,98918.16,1649.215
2026-02-11 12:35:10,chatwoot_sidekiq,RUNNING,103444.07,1649.215
2026-02-11 12:35:10,supabase-db,RUNNING,101293.64,1649.215
2026-02-11 12:35:10,supabase-kong,RUNNING,100695.19,1649.215
2026-02-11 12:35:10,redis,RUNNING,101020.25,1649.215
2026-02-11 12:35:10,postgres,RUNNING,102820.61,1649.215
2026-02-11 12:35:10,adminer,RUNNING,100986.91,1649.215
2026-02-11 12:35:10,chatwoot_sidekiqV2,RUNNING,101168.61,1649.215
2026-02-11 12:35:10,supabase-storage,RUNNING,100606.83,1649.215
2026-02-11 12:35:10,chatwoot_postgres,RUNNING,99171.55,1649.215
2026-02-11 12:35:10,n8n_postgres,RUNNING,101088.6,1649.215
2026-02-11 12:35:10,supabase-analytics,RUNNING,99531.62,1649.215
2026-02-11 12:35:10,n8n_pgvector,RUNNING,100378.46,1649.215
2026-02-11 12:35:10,chatwoot_redis,RUNNING,100000.05,1649.215
2026-02-11 12:35:10,supabase-meta,RUNNING,100235.09,1649.215
2026-02-11 12:35:10,supabase-studio,RUNNING,101371.99,1649.215
2026-02-11 12:35:10,db_proxy,RUNNING,101301.97,1649.215
2026-02-11 12:34:10,cadvisor,RUNNING,100621.67,1649.215
2026-02-11 12:34:10,waha,RUNNING,98953.15,1649.215
2026-02-11 12:34:10,app_proxy,RUNNING,99895.86,1649.215
2026-02-11 12:34:10,chatwoot_redisV2,RUNNING,100186.19,1649.215
2026-02-11 12:34:10,supabase-rest,RUNNING,98219.0,1649.215
2026-02-11 12:34:10,evolution,RUNNING,99527.12,1649.215
2026-02-11 12:34:10,supabase-imgproxy,RUNNING,100538.24,1649.215
2026-02-11 12:34:10,chatwoot_postgresV2,RUNNING,99180.07,1649.215
2026-02-11 12:34:10,gemini,RUNNING,101227.34,1649.215
2026-02-11 12:34:10,realtime-dev.supabase-realtime,RUNNING,99740.69,1649.215
2026-02-11 12:34:10,n8n,RUNNING,99947.59,1649.215
2026-02-11 12:34:10,supabase-auth,RUNNING,100593.3,1649.215
2026-02-11 12:34:10,supabase-edge-functions,RUNNING,98909.77,1649.215
2026-02-11 12:34:10,n8n_redis,RUNNING,97813.55,1649.215
2026-02-11 12:34:10,supabase-vector,RUNNING,102483.74,1649.215
2026-02-11 12:34:10,chatwoot_sidekiq,RUNNING,97631.68,1649.215
2026-02-11 12:34:10,supabase-db,RUNNING,99425.34,1649.215
2026-02-11 12:34:10,supabase-kong,RUNNING,99160.05,1649.215
2026-02-11 12:34:10,redis,RUNNING,100329.68,1649.215
2026-02-11 12:34:10,postgres,RUNNING,99899.2,1649.215
2026-02-11 12:34:10,adminer,RUNNING,99016.55,1649.215
2026-02-11 12:34:10,chatwoot_sidekiqV2,RUNNING,97982.07,1649.215
2026-02-11 12:34:10,supabase-storage,RUNNING,99800.76,1649.215
2026-02-11 12:34:10,chatwoot_postgres,RUNNING,101198.98,1649.215
2026-02-11 12:34:10,n8n_postgres,RUNNING,99150.04,1649.215
2026-02-11 12:34:10,supabase-analytics,RUNNING,99957.6,1649.215
2026-02-11 12:34:10,n8n_pgvector,RUNNING,102191.74,1649.215
2026-02-11 12:34:10,chatwoot_redis,RUNNING,99121.67,1649.215
2026-02-11 12:34:10,supabase-meta,RUNNING,98757.93,1649.215
2026-02-11 12:34:10,supabase-studio,RUNNING,99435.35,1649.215
2026-02-11 12:34:10,db_proxy,RUNNING,101239.02,1649.215
2026-02-11 12:33:10,cadvisor,RUNNING,99273.42,1649.215
2026-02-11 12:33:10,waha,RUNNING,100881.79,1649.215
2026-02-11 12:33:10,app_proxy,RUNNING,101108.02,1649.215
2026-02-11 12:33:10,chatwoot_redisV2,RUNNING,100723.27,1649.215
2026-02-11 12:33:10,supabase-rest,RUNNING,101129.49,1649.215
2026-02-11 12:33:10,evolution,RUNNING,99740.74,1649.215
2026-02-11 12:33:10,supabase-imgproxy,RUNNING,98394.92,1649.215
2026-02-11 12:33:10,chatwoot_postgresV2,RUNNING,100761.25,1649.215
2026-02-11 12:33:10,gemini,RUNNING,98829.21,1649.215
2026-02-11 12:33:10,realtime-dev.supabase-realtime,RUNNING,98946.46,1649.215
2026-02-11 12:33:10,n8n,RUNNING,99431.94,1649.215
2026-02-11 12:33:10,supabase-auth,RUNNING,97859.89,1649.215
2026-02-11 12:33:10,supabase-edge-functions,RUNNING,98987.74,1649.215
2026-02-11 12:33:10,n8n_redis,RUNNING,101697.54,1649.215
2026-02-11 12:33:10,supabase-vector,RUNNING,97481.74,1649.215
2026-02-11 12:33:10,chatwoot_sidekiq,RUNNING,99448.45,1649.215
2026-02-11 12:33:10,supabase-db,RUNNING,98378.41,1649.215
2026-02-11 12:33:10,supabase-kong,RUNNING,101624.88,1649.215
2026-02-11 12:33:10,redis,RUNNING,97831.82,1649.215
2026-02-11 12:33:10,postgres,RUNNING,98398.22,1649.215
2026-02-11 12:33:10,adminer,RUNNING,100640.7,1649.215
2026-02-11 12:33:10,chatwoot_sidekiqV2,RUNNING,99824.95,1649.215
2026-02-11 12:33:10,supabase-storage,RUNNING,98918.38,1649.215
2026-02-11 12:33:10,chatwoot_postgres,RUNNING,98214.93,1649.215
2026-02-11 12:33:10,n8n_postgres,RUNNING,100412.82,1649.215
2026-02-11 12:33:10,supabase-analytics,RUNNING,99588.82,1649.215
2026-02-11 12:33:10,n8n_pgvector,RUNNING,99106.63,1649.215
2026-02-11 12:33:10,chatwoot_redis,RUNNING,100087.51,1649.215
2026-02-11 12:33:10,supabase-meta,RUNNING,102587.59,1649.215
2026-02-11 12:33:10,supabase-studio,RUNNING,98158.78,1649.215
2026-02-11 12:33:10,db_proxy,RUNNING,97557.71,1649.215
2026-02-11 12:32:10,cadvisor,RUNNING,101640.17,1649.215
2026-02-11 12:32:10,waha,RUNNING,99139.72,1649.215
2026-02-11 12:32:10,app_proxy,RUNNING,100117.06,1649.215
2026-02-11 12:32:10,chatwoot_redisV2,RUNNING,99047.36,1649.215
2026-02-11 12:32:10,supabase-rest,RUNNING,99641.82,1649.215
2026-02-11 12:32:10,evolution,RUNNING,102108.69,1649.215
2026-02-11 12:32:10,supabase-imgproxy,RUNNING,100308.5,1649.215
2026-02-11 12:32:10,chatwoot_postgresV2,RUNNING,99010.41,1649.215
2026-02-11 12:32:10,gemini,RUNNING,100834.11,1649.215
2026-02-11 12:32:10,realtime-dev.supabase-realtime,RUNNING,100100.27,1649.215
2026-02-11 12:32:10,n8n,RUNNING,100724.96,1649.215
2026-02-11 12:32:10,supabase-auth,RUNNING,101997.86,1649.215
2026-02-11 12:32:10,supabase-edge-functions,RUNNING,101455.45,1649.215
2026-02-11 12:32:10,n8n_redis,RUNNING,99834.94,1649.215
2026-02-11 12:32:10,supabase-vector,RUNNING,100436.12,1649.215
2026-02-11 12:32:10,chatwoot_sidekiq,RUNNING,101086.01,1649.215
2026-02-11 12:32:10,supabase-db,RUNNING,102805.59,1649.215
2026-02-11 12:32:10,supabase-kong,RUNNING,101087.69,1649.215
2026-02-11 12:32:10,redis,RUNNING,101520.94,1649.215
2026-02-11 12:32:10,postgres,RUNNING,100565.43,1649.215
2026-02-11 12:32:10,adminer,RUNNING,99030.57,1649.215
2026-02-11 12:32:10,chatwoot_sidekiqV2,RUNNING,100145.61,1649.215
2026-02-11 12:32:10,supabase-storage,RUNNING,101156.54,1649.215
2026-02-11 12:32:10,chatwoot_postgres,RUNNING,101571.32,1649.215
2026-02-11 12:32:10,n8n_postgres,RUNNING,100704.81,1649.215
2026-02-11 12:32:10,supabase-analytics,RUNNING,101499.11,1649.215
2026-02-11 12:32:10,n8n_pgvector,RUNNING,99695.56,1649.215
2026-02-11 12:32:10,chatwoot_redis,RUNNING,99750.98,1649.215
2026-02-11 12:32:10,supabase-meta,RUNNING,97745.92,1649.215
2026-02-11 12:32:10,supabase-studio,RUNNING,102028.08,1649.215
2026-02-11 12:32:10,db_proxy,RUNNING,101836.65,1649.215
2026-02-11 12:31:10,cadvisor,RUNNING,98998.68,1649.215
2026-02-11 12:31:10,waha,RUNNING,101821.36,1649.215
2026-02-11 12:31:10,app_proxy,RUNNING,99742.63,1649.215
2026-02-11 12:31:10,chatwoot_redisV2,RUNNING,99965.65,1649.215
2026-02-11 12:31:10,supabase-rest,RUNNING,99754.28,1649.215
2026-02-11 12:31:10,evolution,RUNNING,99326.55,1649.215
2026-02-11 12:31:10,supabase-imgproxy,RUNNING,102740.07,1649.215
2026-02-11 12:31:10,chatwoot_postgresV2,RUNNING,100345.11,1649.215
2026-02-11 12:31:10,gemini,RUNNING,98254.73,1649.215
2026-02-11 12:31:10,realtime-dev.supabase-realtime,RUNNING,100511.54,1649.215
2026-02-11 12:31:10,n8n,RUNNING,101972.82,1649.215
2026-02-11 12:31:10,supabase-auth,RUNNING,100984.21,1649.215
2026-02-11 12:31:10,supabase-edge-functions,RUNNING,99646.1,1649.215
2026-02-11 12:31:10,n8n_redis,RUNNING,101396.96,1649.215
2026-02-11 12:31:10,supabase-vector,RUNNING,100499.89,1649.215
2026-02-11 12:31:10,chatwoot_sidekiq,RUNNING,100761.19,1649.215
2026-02-11 12:31:10,supabase-db,RUNNING,100020.57,1649.215
2026-02-11 12:31:10,supabase-kong,RUNNING,98472.75,1649.215
2026-02-11 12:31:10,redis,RUNNING,100300.17,1649.215
2026-02-11 12:31:10,postgres,RUNNING,100667.99,1649.215
2026-02-11 12:31:10,adminer,RUNNING,102039.39,1649.215
2026-02-11 12:31:10,chatwoot_sidekiqV2,RUNNING,101971.15,1649.215
2026-02-11 12:31:10,supabase-storage,RUNNING,99627.79,1649.215
2026-02-11 12:31:10,chatwoot_postgres,RUNNING,101596.68,1649.215
2026-02-11 12:31:10,n8n_postgres,RUNNING,97973.46,1649.215
2026-02-11 12:31:10,supabase-analytics,RUNNING,98862.2,1649.215
2026-02-11 12:31:10,n8n_pgvector,RUNNING,104838.77,1649.215
2026-02-11 12:31:10,chatwoot_redis,RUNNING,101470.19,1649.215
2026-02-11 12:31:10,supabase-meta,RUNNING,101145.65,1649.215
2026-02-11 12:31:10,supabase-studio,RUNNING,101629.97,1649.215
2026-02-11 12:31:10,db_proxy,RUNNING,99847.48,1649.215
2026-02-11 12:30:10,cadvisor,RUNNING,100764.6,1649.215
2026-02-11 12:30:10,waha,RUNNING,97858.6,1649.215
2026-02-11 12:30:10,app_proxy,RUNNING,98809.18,1649.215
2026-02-11 12:30:10,chatwoot_redisV2,RUNNING,100065.65,1649.215
2026-02-11 12:30:10,supabase-rest,RUNNING,98995.01,1649.215
2026-02-11 12:30:10,evolution,RUNNING,98179.29,1649.215
2026-02-11 12:30:10,supabase-imgproxy,RUNNING,97393.17,1649.215
2026-02-11 12:30:10,chatwoot_postgresV2,RUNNING,100355.1,1649.215
2026-02-11 12:30:10,gemini,RUNNING,101017.87,1649.215
2026-02-11 12:30:10,realtime-dev.supabase-realtime,RUNNING,100054.14,1649.215
2026-02-11 12:30:10,n8n,RUNNING,99090.4,1649.215
2026-02-11 12:30:10,supabase-auth,RUNNING,96973.8,1649.215
2026-02-11 12:30:10,supabase-edge-functions,RUNNING,99749.89,1649.215
2026-02-11 12:30:10,n8n_redis,RUNNING,97697.43,1649.215
2026-02-11 12:30:10,supabase-vector,RUNNING,101113.26,1649.215
2026-02-11 12:30:10,chatwoot_sidekiq,RUNNING,97945.76,1649.215
2026-02-11 12:30:10,supabase-db,RUNNING,97144.84,1649.215
2026-02-11 12:30:10,supabase-kong,RUNNING,100702.11,1649.215
2026-02-11 12:30:10,redis,RUNNING,98449.01,1649.215
2026-02-11 12:30:10,rabbitmq,RUNNING,99999.82,1649.215
2026-02-11 12:30:10,postgres,RUNNING,98506.57,1649.215
2026-02-11 12:30:10,adminer,RUNNING,98297.7,1649.215
2026-02-11 12:30:10,chatwoot_sidekiqV2,RUNNING,99518.0,1649.215
2026-02-11 12:30:10,supabase-storage,RUNNING,100848.48,1649.215
2026-02-11 12:30:10,chatwoot_postgres,RUNNING,99018.04,1649.215
2026-02-11 12:30:10,n8n_postgres,RUNNING,100532.72,1649.215
2026-02-11 12:30:10,supabase-analytics,RUNNING,99838.69,1649.215
2026-02-11 12:30:10,n8n_pgvector,RUNNING,94914.76,1649.215
2026-02-11 12:30:10,chatwoot_redis,RUNNING,99649.57,1649.215
2026-02-11 12:30:10,supabase-meta,RUNNING,99511.42,1649.215
2026-02-11 12:30:10,supabase-studio,RUNNING,99572.27,1649.215
2026-02-11 12:30:10,db_proxy,RUNNING,98986.79,1649.215
2026-02-11 12:29:09,cadvisor,RUNNING,99457.07,1649.215
2026-02-11 12:29:09,waha,RUNNING,100855.26,1649.215
2026-02-11 12:29:09,app_proxy,RUNNING,100843.54,1649.215
2026-02-11 12:29:09,chatwoot_redisV2,RUNNING,100245.75,1649.215
2026-02-11 12:29:09,supabase-rest,RUNNING,100741.39,1649.215
2026-02-11 12:29:09,evolution,RUNNING,101642.26,1649.215
2026-02-11 12:29:09,supabase-imgproxy,RUNNING,99321.44,1649.215
2026-02-11 12:29:09,chatwoot_postgresV2,RUNNING,100828.47,1649.215
2026-02-11 12:29:09,gemini,RUNNING,99730.01,1649.215
2026-02-11 12:29:09,realtime-dev.supabase-realtime,RUNNING,98521.04,1649.215
2026-02-11 12:29:09,n8n,RUNNING,98804.03,1649.215
2026-02-11 12:29:09,supabase-auth,RUNNING,102169.72,1649.215
2026-02-11 12:29:09,supabase-edge-functions,RUNNING,102020.69,1649.215
2026-02-11 12:29:09,n8n_redis,RUNNING,100964.1,1649.215
2026-02-11 12:29:09,supabase-vector,RUNNING,99629.54,1649.215
2026-02-11 12:29:09,chatwoot_sidekiq,RUNNING,101875.01,1649.215
2026-02-11 12:29:09,supabase-db,RUNNING,101103.08,1649.215
2026-02-11 12:29:09,supabase-kong,RUNNING,97973.49,1649.215
2026-02-11 12:29:09,redis,RUNNING,100592.37,1649.215
2026-02-11 12:29:09,postgres,RUNNING,99996.25,1649.215
2026-02-11 12:29:09,adminer,RUNNING,100110.12,1649.215
2026-02-11 12:29:09,chatwoot_sidekiqV2,RUNNING,98564.58,1649.215
2026-02-11 12:29:09,supabase-storage,RUNNING,98721.98,1649.215
2026-02-11 12:29:09,chatwoot_postgres,RUNNING,98440.67,1649.215
2026-02-11 12:29:09,n8n_postgres,RUNNING,101446.35,1649.215
2026-02-11 12:29:09,supabase-analytics,RUNNING,99966.11,1649.215
2026-02-11 12:29:09,n8n_pgvector,RUNNING,101988.88,1649.215
2026-02-11 12:29:09,chatwoot_redis,RUNNING,100877.03,1649.215
2026-02-11 12:29:09,supabase-meta,RUNNING,100463.43,1649.215
2026-02-11 12:29:09,supabase-studio,RUNNING,97693.85,1649.215
2026-02-11 12:29:09,db_proxy,RUNNING,100942.33,1649.215
2026-02-11 12:28:09,cadvisor,RUNNING,100357.57,1649.215
2026-02-11 12:28:09,waha,RUNNING,99518.23,1649.215
2026-02-11 12:28:09,app_proxy,RUNNING,100259.51,1649.215
2026-02-11 12:28:09,chatwoot_redisV2,RUNNING,101597.45,1649.215
2026-02-11 12:28:09,supabase-rest,RUNNING,99834.02,1649.215
2026-02-11 12:28:09,evolution,RUNNING,99965.32,1649.215
2026-02-11 12:28:09,supabase-imgproxy,RUNNING,102215.73,1649.215
2026-02-11 12:28:09,chatwoot_postgresV2,RUNNING,98742.06,1649.215
2026-02-11 12:28:09,gemini,RUNNING,99651.2,1649.215
2026-02-11 12:28:09,realtime-dev.supabase-realtime,RUNNING,101710.47,1649.215
2026-02-11 12:28:09,n8n,RUNNING,99360.34,1649.215
2026-02-11 12:28:09,supabase-auth,RUNNING,98251.76,1649.215
2026-02-11 12:28:09,supabase-edge-functions,RUNNING,97158.13,1649.215
2026-02-11 12:28:09,n8n_redis,RUNNING,100104.94,1649.215
2026-02-11 12:28:09,supabase-vector,RUNNING,98294.97,1649.215
2026-02-11 12:28:09,chatwoot_sidekiq,RUNNING,99458.4,1649.215
2026-02-11 12:28:09,supabase-db,RUNNING,99862.28,1649.215
2026-02-11 12:28:09,supabase-kong,RUNNING,102661.16,1649.215
2026-02-11 12:28:09,redis,RUNNING,100327.65,1649.215
2026-02-11 12:28:09,postgres,RUNNING,99393.58,1649.215
2026-02-11 12:28:09,adminer,RUNNING,99313.8,1649.215
2026-02-11 12:28:09,chatwoot_sidekiqV2,RUNNING,100738.18,1649.215
2026-02-11 12:28:09,supabase-storage,RUNNING,102159.22,1649.215
2026-02-11 12:28:09,chatwoot_postgres,RUNNING,101886.65,1649.215
2026-02-11 12:28:09,n8n_postgres,RUNNING,99809.09,1649.215
2026-02-11 12:28:09,supabase-analytics,RUNNING,101256.73,1649.215
2026-02-11 12:28:09,n8n_pgvector,RUNNING,98120.46,1649.215
2026-02-11 12:28:09,chatwoot_redis,RUNNING,98198.57,1649.215
2026-02-11 12:28:09,supabase-meta,RUNNING,98431.26,1649.215
2026-02-11 12:28:09,supabase-studio,RUNNING,99730.98,1649.215
2026-02-11 12:28:09,db_proxy,RUNNING,99739.29,1649.215
2026-02-11 12:27:09,cadvisor,RUNNING,99194.64,1649.215
2026-02-11 12:27:09,waha,RUNNING,99775.15,1649.215
2026-02-11 12:27:09,app_proxy,RUNNING,99153.18,1649.215
2026-02-11 12:27:09,chatwoot_redisV2,RUNNING,98574.32,1649.215
2026-02-11 12:27:09,supabase-rest,RUNNING,101385.66,1649.215
2026-02-11 12:27:09,evolution,RUNNING,98784.96,1649.215
2026-02-11 12:27:09,supabase-imgproxy,RUNNING,100567.97,1649.215
2026-02-11 12:27:09,chatwoot_postgresV2,RUNNING,101075.5,1649.215
2026-02-11 12:27:09,gemini,RUNNING,99911.16,1649.215
2026-02-11 12:27:09,realtime-dev.supabase-realtime,RUNNING,100125.12,1649.215
2026-02-11 12:27:09,n8n,RUNNING,101584.69,1649.215
2026-02-11 12:27:09,supabase-auth,RUNNING,100876.47,1649.215
2026-02-11 12:27:09,supabase-edge-functions,RUNNING,99995.75,1649.215
2026-02-11 12:27:09,n8n_redis,RUNNING,99489.87,1649.215
2026-02-11 12:27:09,supabase-vector,RUNNING,101644.4,1649.215
2026-02-11 12:27:09,chatwoot_sidekiq,RUNNING,99979.16,1649.215
2026-02-11 12:27:09,supabase-db,RUNNING,101755.53,1649.215
2026-02-11 12:27:09,supabase-kong,RUNNING,98358.7,1649.215
2026-02-11 12:27:09,redis,RUNNING,100922.91,1649.215
2026-02-11 12:27:09,postgres,RUNNING,101160.09,1649.215
2026-02-11 12:27:09,adminer,RUNNING,100103.56,1649.215
2026-02-11 12:27:09,chatwoot_sidekiqV2,RUNNING,99030.44,1649.215
2026-02-11 12:27:09,supabase-storage,RUNNING,99370.45,1649.215
2026-02-11 12:27:09,chatwoot_postgres,RUNNING,100131.75,1649.215
2026-02-11 12:27:09,n8n_postgres,RUNNING,97706.87,1649.215
2026-02-11 12:27:09,supabase-analytics,RUNNING,99124.98,1649.215
2026-02-11 12:27:09,n8n_pgvector,RUNNING,100425.33,1649.215
2026-02-11 12:27:09,chatwoot_redis,RUNNING,101709.09,1649.215
2026-02-11 12:27:09,supabase-meta,RUNNING,101501.76,1649.215
2026-02-11 12:27:09,supabase-studio,RUNNING,100529.82,1649.215
2026-02-11 12:27:09,db_proxy,RUNNING,98544.47,1649.215
2026-02-11 12:26:09,cadvisor,RUNNING,99954.5,1649.215
2026-02-11 12:26:09,waha,RUNNING,101929.67,1649.215
2026-02-11 12:26:09,app_proxy,RUNNING,100736.93,1649.215
2026-02-11 12:26:09,chatwoot_redisV2,RUNNING,99280.06,1649.215
2026-02-11 12:26:09,supabase-rest,RUNNING,100668.82,1649.215
2026-02-11 12:26:09,evolution,RUNNING,101358.22,1649.215
2026-02-11 12:26:09,supabase-imgproxy,RUNNING,100092.38,1649.215
2026-02-11 12:26:09,chatwoot_postgresV2,RUNNING,100122.29,1649.215
2026-02-11 12:26:09,gemini,RUNNING,99648.84,1649.215
2026-02-11 12:26:09,realtime-dev.supabase-realtime,RUNNING,99309.96,1649.215
2026-02-11 12:26:09,n8n,RUNNING,101117.35,1649.215
2026-02-11 12:26:09,supabase-auth,RUNNING,99195.34,1649.215
2026-02-11 12:26:09,supabase-edge-functions,RUNNING,101539.29,1649.215
2026-02-11 12:26:09,n8n_redis,RUNNING,101125.65,1649.215
2026-02-11 12:26:09,supabase-vector,RUNNING,100255.18,1649.215
2026-02-11 12:26:09,chatwoot_sidekiq,RUNNING,99260.12,1649.215
2026-02-11 12:26:09,supabase-db,RUNNING,99446.18,1649.215
2026-02-11 12:26:09,supabase-kong,RUNNING,101240.27,1649.215
2026-02-11 12:26:09,redis,RUNNING,98379.69,1649.215
2026-02-11 12:26:09,postgres,RUNNING,100319.97,1649.215
2026-02-11 12:26:09,adminer,RUNNING,102361.59,1649.215
2026-02-11 12:26:09,chatwoot_sidekiqV2,RUNNING,101698.77,1649.215
2026-02-11 12:26:09,supabase-storage,RUNNING,99115.6,1649.215
2026-02-11 12:26:09,chatwoot_postgres,RUNNING,100050.85,1649.215
2026-02-11 12:26:09,n8n_postgres,RUNNING,99932.91,1649.215
2026-02-11 12:26:09,supabase-analytics,RUNNING,101602.42,1649.215
2026-02-11 12:26:09,n8n_pgvector,RUNNING,99858.15,1649.215
2026-02-11 12:26:09,chatwoot_redis,RUNNING,99017.59,1649.215
2026-02-11 12:26:09,supabase-meta,RUNNING,99326.57,1649.215
2026-02-11 12:26:09,supabase-studio,RUNNING,100597.39,1649.215
2026-02-11 12:26:09,db_proxy,RUNNING,99954.5,1649.215
2026-02-11 12:25:09,cadvisor,RUNNING,100354.15,1649.215
2026-02-11 12:25:09,waha,RUNNING,98235.81,1649.215
2026-02-11 12:25:09,app_proxy,RUNNING,101553.15,1649.215
2026-02-11 12:25:09,chatwoot_redisV2,RUNNING,101819.41,1649.215
2026-02-11 12:25:09,supabase-rest,RUNNING,99938.86,1649.215
2026-02-11 12:25:09,evolution,RUNNING,100786.19,1649.215
2026-02-11 12:25:09,supabase-imgproxy,RUNNING,98624.31,1649.215
2026-02-11 12:25:09,chatwoot_postgresV2,RUNNING,99279.07,1649.215
2026-02-11 12:25:09,gemini,RUNNING,101137.86,1649.215
2026-02-11 12:25:09,realtime-dev.supabase-realtime,RUNNING,100900.07,1649.215
2026-02-11 12:25:09,n8n,RUNNING,98004.72,1649.215
2026-02-11 12:25:09,supabase-auth,RUNNING,101650.28,1649.215
2026-02-11 12:25:09,supabase-edge-functions,RUNNING,100255.35,1649.215
2026-02-11 12:25:09,n8n_redis,RUNNING,100272.1,1649.215
2026-02-11 12:25:09,supabase-vector,RUNNING,100345.78,1649.215
2026-02-11 12:25:09,chatwoot_sidekiq,RUNNING,100385.97,1649.215
2026-02-11 12:25:09,supabase-db,RUNNING,100124.74,1649.215
2026-02-11 12:25:09,supabase-kong,RUNNING,98585.8,1649.215
2026-02-11 12:25:09,redis,RUNNING,101152.93,1649.215
2026-02-11 12:25:09,postgres,RUNNING,100037.66,1649.215
2026-02-11 12:25:09,adminer,RUNNING,98468.58,1649.215
2026-02-11 12:25:09,chatwoot_sidekiqV2,RUNNING,98885.55,1649.215
2026-02-11 12:25:09,supabase-storage,RUNNING,100548.4,1649.215
2026-02-11 12:25:09,chatwoot_postgres,RUNNING,97999.7,1649.215
2026-02-11 12:25:09,n8n_postgres,RUNNING,101568.22,1649.215
2026-02-11 12:25:09,supabase-analytics,RUNNING,98920.71,1649.215
2026-02-11 12:25:09,n8n_pgvector,RUNNING,101295.27,1649.215
2026-02-11 12:25:09,chatwoot_redis,RUNNING,100943.61,1649.215
2026-02-11 12:25:09,supabase-meta,RUNNING,100568.5,1649.215
2026-02-11 12:25:09,supabase-studio,RUNNING,99970.67,1649.215
2026-02-11 12:25:09,db_proxy,RUNNING,102561.25,1649.215
2026-02-11 12:24:09,cadvisor,RUNNING,100403.97,1649.215
2026-02-11 12:24:09,waha,RUNNING,101766.97,1649.215
2026-02-11 12:24:09,app_proxy,RUNNING,99282.57,1649.215
2026-02-11 12:24:09,chatwoot_redisV2,RUNNING,98457.77,1649.215
2026-02-11 12:24:09,supabase-rest,RUNNING,99640.82,1649.215
2026-02-11 12:24:09,evolution,RUNNING,99044.3,1649.215
2026-02-11 12:24:09,supabase-imgproxy,RUNNING,100965.5,1649.215
2026-02-11 12:24:09,chatwoot_postgresV2,RUNNING,100074.05,1649.215
2026-02-11 12:24:09,gemini,RUNNING,100140.7,1649.215
2026-02-11 12:24:09,realtime-dev.supabase-realtime,RUNNING,100125.7,1649.215
2026-02-11 12:24:09,n8n,RUNNING,100375.64,1649.215
2026-02-11 12:24:09,supabase-auth,RUNNING,99425.87,1649.215
2026-02-11 12:24:09,supabase-edge-functions,RUNNING,100397.3,1649.215
2026-02-11 12:24:09,n8n_redis,RUNNING,99190.93,1649.215
2026-02-11 12:24:09,supabase-vector,RUNNING,99217.59,1649.215
2026-02-11 12:24:09,chatwoot_sidekiq,RUNNING,102090.23,1649.215
2026-02-11 12:24:09,supabase-db,RUNNING,101307.08,1649.215
2026-02-11 12:24:09,supabase-kong,RUNNING,100092.38,1649.215
2026-02-11 12:24:09,redis,RUNNING,101110.46,1649.215
2026-02-11 12:24:09,postgres,RUNNING,99599.16,1649.215
2026-02-11 12:24:09,adminer,RUNNING,101075.47,1649.215
2026-02-11 12:24:09,chatwoot_sidekiqV2,RUNNING,100120.7,1649.215
2026-02-11 12:24:09,supabase-storage,RUNNING,101127.13,1649.215
2026-02-11 12:24:09,chatwoot_postgres,RUNNING,101223.77,1649.215
2026-02-11 12:24:09,n8n_postgres,RUNNING,98957.65,1649.215
2026-02-11 12:24:09,supabase-analytics,RUNNING,100285.66,1649.215
2026-02-11 12:24:09,n8n_pgvector,RUNNING,98042.87,1649.215
2026-02-11 12:24:09,chatwoot_redis,RUNNING,99134.28,1649.215
2026-02-11 12:24:09,supabase-meta,RUNNING,100658.91,1649.215
2026-02-11 12:24:09,supabase-studio,RUNNING,100870.52,1649.215
2026-02-11 12:24:09,db_proxy,RUNNING,98889.34,1649.215
2026-02-11 12:23:09,cadvisor,RUNNING,99009.05,1649.215
2026-02-11 12:23:09,waha,RUNNING,99210.66,1649.215
2026-02-11 12:23:09,app_proxy,RUNNING,98759.13,1649.215
2026-02-11 12:23:09,chatwoot_redisV2,RUNNING,99818.8,1649.215
2026-02-11 12:23:09,supabase-rest,RUNNING,100690.19,1649.215
2026-02-11 12:23:09,evolution,RUNNING,100818.49,1649.215
2026-02-11 12:23:09,supabase-imgproxy,RUNNING,97897.73,1649.215
2026-02-11 12:23:09,chatwoot_postgresV2,RUNNING,100210.34,1649.215
2026-02-11 12:23:09,gemini,RUNNING,98457.56,1649.215
2026-02-11 12:23:09,realtime-dev.supabase-realtime,RUNNING,98121.0,1649.215
2026-02-11 12:23:09,n8n,RUNNING,99015.72,1649.215
2026-02-11 12:23:09,supabase-auth,RUNNING,99902.11,1649.215
2026-02-11 12:23:09,supabase-edge-functions,RUNNING,98452.56,1649.215
2026-02-11 12:23:09,n8n_redis,RUNNING,100391.95,1649.215
2026-02-11 12:23:09,supabase-vector,RUNNING,99808.8,1649.215
2026-02-11 12:23:09,chatwoot_sidekiq,RUNNING,97426.21,1649.215
2026-02-11 12:23:09,supabase-db,RUNNING,98674.16,1649.215
2026-02-11 12:23:09,supabase-kong,RUNNING,100996.77,1649.215
2026-02-11 12:23:09,redis,RUNNING,98372.59,1649.215
2026-02-11 12:23:09,postgres,RUNNING,100132.04,1649.215
2026-02-11 12:23:09,adminer,RUNNING,100536.91,1649.215
2026-02-11 12:23:09,chatwoot_sidekiqV2,RUNNING,100778.5,1649.215
2026-02-11 12:23:09,supabase-storage,RUNNING,97824.42,1649.215
2026-02-11 12:23:09,chatwoot_postgres,RUNNING,99064.04,1649.215
2026-02-11 12:23:09,n8n_postgres,RUNNING,101218.36,1649.215
2026-02-11 12:23:09,supabase-analytics,RUNNING,98862.43,1649.215
2026-02-11 12:23:09,n8n_pgvector,RUNNING,100212.01,1649.215
2026-02-11 12:23:09,chatwoot_redis,RUNNING,100635.21,1649.215
2026-02-11 12:23:09,supabase-meta,RUNNING,100436.94,1649.215
2026-02-11 12:23:09,supabase-studio,RUNNING,100263.66,1649.215
2026-02-11 12:23:09,db_proxy,RUNNING,100626.88,1649.215
2026-02-11 12:22:09,cadvisor,RUNNING,102669.59,1649.214
2026-02-11 12:22:09,waha,RUNNING,103210.27,1649.214
2026-02-11 12:22:09,app_proxy,RUNNING,102740.55,1649.214
2026-02-11 12:22:09,chatwoot_redisV2,RUNNING,102590.17,1649.214
2026-02-11 12:22:09,supabase-rest,RUNNING,100838.01,1649.214
2026-02-11 12:22:09,evolution,RUNNING,99067.26,1649.214
2026-02-11 12:22:09,supabase-imgproxy,RUNNING,102301.24,1649.214
2026-02-11 12:22:09,chatwoot_postgresV2,RUNNING,101872.07,1649.214
2026-02-11 12:22:09,gemini,RUNNING,102257.31,1649.214
2026-02-11 12:22:09,realtime-dev.supabase-realtime,RUNNING,102806.45,1649.214
2026-02-11 12:22:09,n8n,RUNNING,101980.21,1649.214
2026-02-11 12:22:09,supabase-auth,RUNNING,102150.87,1649.214
2026-02-11 12:22:09,supabase-edge-functions,RUNNING,102331.66,1649.214
2026-02-11 12:22:09,n8n_redis,RUNNING,99305.5,1649.214
2026-02-11 12:22:09,supabase-vector,RUNNING,101072.87,1649.214
2026-02-11 12:22:09,chatwoot_sidekiq,RUNNING,103421.48,1649.214
2026-02-11 12:22:09,supabase-db,RUNNING,101917.69,1649.214
2026-02-11 12:22:09,supabase-kong,RUNNING,100305.77,1649.214
2026-02-11 12:22:09,redis,RUNNING,102350.24,1649.214
2026-02-11 12:22:09,postgres,RUNNING,100371.67,1649.214
2026-02-11 12:22:09,adminer,RUNNING,98761.44,1649.214
2026-02-11 12:22:09,chatwoot_sidekiqV2,RUNNING,100172.29,1649.214
2026-02-11 12:22:09,supabase-storage,RUNNING,102189.73,1649.214
2026-02-11 12:22:09,chatwoot_postgres,RUNNING,102326.59,1649.214
2026-02-11 12:22:09,n8n_postgres,RUNNING,100155.39,1649.214
2026-02-11 12:22:09,supabase-analytics,RUNNING,103213.65,1649.214
2026-02-11 12:22:09,n8n_pgvector,RUNNING,100545.7,1649.214
2026-02-11 12:22:09,chatwoot_redis,RUNNING,99592.74,1649.214
2026-02-11 12:22:09,supabase-meta,RUNNING,99151.75,1649.214
2026-02-11 12:22:09,supabase-studio,RUNNING,100395.32,1649.214
2026-02-11 12:22:09,db_proxy,RUNNING,101481.77,1649.214
2026-02-11 12:21:10,cadvisor,RUNNING,97967.59,1649.214
2026-02-11 12:21:10,waha,RUNNING,96119.43,1649.214
2026-02-11 12:21:10,app_proxy,RUNNING,97238.88,1649.214
2026-02-11 12:21:10,chatwoot_redisV2,RUNNING,96907.49,1649.214
2026-02-11 12:21:10,supabase-rest,RUNNING,98897.44,1649.214
2026-02-11 12:21:10,evolution,RUNNING,101208.89,1649.214
2026-02-11 12:21:10,supabase-imgproxy,RUNNING,97641.15,1649.214
2026-02-11 12:21:10,chatwoot_postgresV2,RUNNING,96661.84,1649.214
2026-02-11 12:21:10,gemini,RUNNING,98147.3,1649.214
2026-02-11 12:21:10,realtime-dev.supabase-realtime,RUNNING,97365.83,1649.214
2026-02-11 12:21:10,supabase-pooler,RUNNING,99894.88,1649.214
2026-02-11 12:21:10,n8n,RUNNING,98089.59,1649.214
2026-02-11 12:21:10,supabase-auth,RUNNING,97019.6,1649.214
2026-02-11 12:21:10,supabase-edge-functions,RUNNING,97228.99,1649.214
2026-02-11 12:21:10,n8n_redis,RUNNING,99088.69,1649.214
2026-02-11 12:21:10,supabase-vector,RUNNING,99678.92,1649.214
2026-02-11 12:21:10,chatwoot_sidekiq,RUNNING,98694.66,1649.214
2026-02-11 12:21:10,supabase-db,RUNNING,97220.74,1649.214
2026-02-11 12:21:10,supabase-kong,RUNNING,98864.47,1649.214
2026-02-11 12:21:10,redis,RUNNING,98046.73,1649.214
2026-02-11 12:21:10,postgres,RUNNING,98397.9,1649.214
2026-02-11 12:21:10,adminer,RUNNING,100696.15,1649.214
2026-02-11 12:21:10,chatwoot_sidekiqV2,RUNNING,99207.4,1649.214
2026-02-11 12:21:10,supabase-storage,RUNNING,99520.64,1649.214
2026-02-11 12:21:10,chatwoot_postgres,RUNNING,98112.68,1649.214
2026-02-11 12:21:10,n8n_postgres,RUNNING,100636.8,1649.214
2026-02-11 12:21:10,supabase-analytics,RUNNING,97496.07,1649.214
2026-02-11 12:21:10,n8n_pgvector,RUNNING,99105.18,1649.214
2026-02-11 12:21:10,chatwoot_redis,RUNNING,99456.35,1649.214
2026-02-11 12:21:10,supabase-meta,RUNNING,100745.61,1649.214
2026-02-11 12:21:10,supabase-studio,RUNNING,98668.28,1649.214
2026-02-11 12:21:10,db_proxy,RUNNING,97806.02,1649.214
2026-02-11 12:20:09,cadvisor,RUNNING,99973.39,1649.214
2026-02-11 12:20:09,waha,RUNNING,100816.08,1649.214
2026-02-11 12:20:09,app_proxy,RUNNING,102187.75,1649.214
2026-02-11 12:20:09,chatwoot_redisV2,RUNNING,101650.43,1649.214
2026-02-11 12:20:09,supabase-rest,RUNNING,97795.74,1649.214
2026-02-11 12:20:09,evolution,RUNNING,97827.44,1649.214
2026-02-11 12:20:09,supabase-imgproxy,RUNNING,100740.99,1649.214
2026-02-11 12:20:09,chatwoot_postgresV2,RUNNING,100555.76,1649.214
2026-02-11 12:20:09,gemini,RUNNING,99794.84,1649.214
2026-02-11 12:20:09,realtime-dev.supabase-realtime,RUNNING,99686.37,1649.214
2026-02-11 12:20:09,n8n,RUNNING,102728.41,1649.214
2026-02-11 12:20:09,supabase-auth,RUNNING,101308.35,1649.214
2026-02-11 12:20:09,supabase-edge-functions,RUNNING,100297.12,1649.214
2026-02-11 12:20:09,n8n_redis,RUNNING,102434.72,1649.214
2026-02-11 12:20:09,supabase-vector,RUNNING,100280.43,1649.214
2026-02-11 12:20:09,chatwoot_sidekiq,RUNNING,98635.09,1649.214
2026-02-11 12:20:09,supabase-db,RUNNING,100956.25,1649.214
2026-02-11 12:20:09,supabase-kong,RUNNING,100997.97,1649.214
2026-02-11 12:20:09,redis,RUNNING,100327.15,1649.214
2026-02-11 12:20:09,postgres,RUNNING,101692.15,1649.214
2026-02-11 12:20:09,adminer,RUNNING,98408.15,1649.214
2026-02-11 12:20:09,chatwoot_sidekiqV2,RUNNING,101091.42,1649.214
2026-02-11 12:20:09,supabase-storage,RUNNING,98129.48,1649.214
2026-02-11 12:20:09,chatwoot_postgres,RUNNING,99579.58,1649.214
2026-02-11 12:20:09,n8n_postgres,RUNNING,98713.52,1649.214
2026-02-11 12:20:09,supabase-analytics,RUNNING,100517.38,1649.214
2026-02-11 12:20:09,n8n_pgvector,RUNNING,100665.9,1649.214
2026-02-11 12:20:09,chatwoot_redis,RUNNING,99262.52,1649.214
2026-02-11 12:20:09,supabase-meta,RUNNING,98957.15,1649.214
2026-02-11 12:20:09,supabase-studio,RUNNING,99093.98,1649.214
2026-02-11 12:20:09,db_proxy,RUNNING,100881.16,1649.214
2026-02-11 12:19:09,cadvisor,RUNNING,99174.02,1649.214
2026-02-11 12:19:09,waha,RUNNING,100903.72,1649.214
2026-02-11 12:19:09,app_proxy,RUNNING,99212.2,1649.214
2026-02-11 12:19:09,chatwoot_redisV2,RUNNING,99144.14,1649.214
2026-02-11 12:19:09,supabase-rest,RUNNING,101122.84,1649.214
2026-02-11 12:19:09,evolution,RUNNING,100194.91,1649.214
2026-02-11 12:19:09,supabase-imgproxy,RUNNING,99056.16,1649.214
2026-02-11 12:19:09,chatwoot_postgresV2,RUNNING,100135.15,1649.214
2026-02-11 12:19:09,gemini,RUNNING,100101.95,1649.214
2026-02-11 12:19:09,realtime-dev.supabase-realtime,RUNNING,102241.67,1649.214
2026-02-11 12:19:09,n8n,RUNNING,97890.85,1649.214
2026-02-11 12:19:09,supabase-auth,RUNNING,99001.38,1649.214
2026-02-11 12:19:09,supabase-edge-functions,RUNNING,100457.19,1649.214
2026-02-11 12:19:09,n8n_redis,RUNNING,97359.66,1649.214
2026-02-11 12:19:09,supabase-vector,RUNNING,97870.93,1649.214
2026-02-11 12:19:09,chatwoot_sidekiq,RUNNING,100377.51,1649.214
2026-02-11 12:19:09,supabase-db,RUNNING,99165.72,1649.214
2026-02-11 12:19:09,supabase-kong,RUNNING,99177.34,1649.214
2026-02-11 12:19:09,redis,RUNNING,99957.53,1649.214
2026-02-11 12:19:09,postgres,RUNNING,98896.8,1649.214
2026-02-11 12:19:09,adminer,RUNNING,100882.14,1649.214
2026-02-11 12:19:09,chatwoot_sidekiqV2,RUNNING,99544.2,1649.214
2026-02-11 12:19:09,supabase-storage,RUNNING,100158.39,1649.214
2026-02-11 12:19:09,chatwoot_postgres,RUNNING,100327.71,1649.214
2026-02-11 12:19:09,n8n_postgres,RUNNING,99542.54,1649.214
2026-02-11 12:19:09,supabase-analytics,RUNNING,98787.24,1649.214
2026-02-11 12:19:09,n8n_pgvector,RUNNING,99022.96,1649.214
2026-02-11 12:19:09,chatwoot_redis,RUNNING,99733.43,1649.214
2026-02-11 12:19:09,supabase-meta,RUNNING,100790.84,1649.214
2026-02-11 12:19:09,supabase-studio,RUNNING,101816.71,1649.214
2026-02-11 12:19:09,db_proxy,RUNNING,98524.97,1649.214
2026-02-11 12:18:09,cadvisor,RUNNING,100626.18,1649.214
2026-02-11 12:18:09,waha,RUNNING,98062.87,1649.214
2026-02-11 12:18:09,app_proxy,RUNNING,98669.93,1649.214
2026-02-11 12:18:09,chatwoot_redisV2,RUNNING,100944.72,1649.214
2026-02-11 12:18:09,supabase-rest,RUNNING,99040.16,1649.214
2026-02-11 12:18:09,evolution,RUNNING,100516.11,1649.214
2026-02-11 12:18:09,supabase-imgproxy,RUNNING,99865.69,1649.214
2026-02-11 12:18:09,chatwoot_postgresV2,RUNNING,100994.75,1649.214
2026-02-11 12:18:09,gemini,RUNNING,100629.52,1649.214
2026-02-11 12:18:09,realtime-dev.supabase-realtime,RUNNING,98296.35,1649.214
2026-02-11 12:18:09,n8n,RUNNING,101688.53,1649.214
2026-02-11 12:18:09,supabase-auth,RUNNING,100554.47,1649.214
2026-02-11 12:18:09,supabase-edge-functions,RUNNING,100817.97,1649.214
2026-02-11 12:18:09,n8n_redis,RUNNING,102542.41,1649.214
2026-02-11 12:18:09,supabase-vector,RUNNING,100619.51,1649.214
2026-02-11 12:18:09,chatwoot_sidekiq,RUNNING,99228.62,1649.214
2026-02-11 12:18:09,supabase-db,RUNNING,99515.47,1649.214
2026-02-11 12:18:09,supabase-kong,RUNNING,100235.93,1649.214
2026-02-11 12:18:09,redis,RUNNING,98599.88,1649.214
2026-02-11 12:18:09,rabbitmq,RUNNING,99992.98,1649.214
2026-02-11 12:18:09,postgres,RUNNING,100476.08,1649.214
2026-02-11 12:18:09,adminer,RUNNING,101341.64,1649.214
2026-02-11 12:18:09,chatwoot_sidekiqV2,RUNNING,99612.2,1649.214
2026-02-11 12:18:09,supabase-storage,RUNNING,101685.19,1649.214
2026-02-11 12:18:09,chatwoot_postgres,RUNNING,100456.07,1649.214
2026-02-11 12:18:09,n8n_postgres,RUNNING,100422.72,1649.214
2026-02-11 12:18:09,supabase-analytics,RUNNING,101480.06,1649.214
2026-02-11 12:18:09,n8n_pgvector,RUNNING,100307.64,1649.214
2026-02-11 12:18:09,chatwoot_redis,RUNNING,100474.42,1649.214
2026-02-11 12:18:09,supabase-meta,RUNNING,99110.21,1649.214
2026-02-11 12:18:09,supabase-studio,RUNNING,99180.25,1649.214
2026-02-11 12:18:09,db_proxy,RUNNING,100986.41,1649.214
2026-02-11 12:17:09,cadvisor,RUNNING,102114.25,1649.214
2026-02-11 12:17:09,waha,RUNNING,100887.26,1649.214
2026-02-11 12:17:09,app_proxy,RUNNING,99640.23,1649.214
2026-02-11 12:17:09,chatwoot_redisV2,RUNNING,97797.23,1649.214
2026-02-11 12:17:09,supabase-rest,RUNNING,102054.15,1649.214
2026-02-11 12:17:09,evolution,RUNNING,99506.68,1649.214
2026-02-11 12:17:09,supabase-imgproxy,RUNNING,101414.78,1649.214
2026-02-11 12:17:09,chatwoot_postgresV2,RUNNING,98293.04,1649.214
2026-02-11 12:17:09,gemini,RUNNING,99484.98,1649.214
2026-02-11 12:17:09,realtime-dev.supabase-realtime,RUNNING,99960.75,1649.214
2026-02-11 12:17:09,n8n,RUNNING,97677.04,1649.214
2026-02-11 12:17:09,supabase-auth,RUNNING,100765.39,1649.214
2026-02-11 12:17:09,supabase-edge-functions,RUNNING,99939.05,1649.214
2026-02-11 12:17:09,n8n_redis,RUNNING,97912.42,1649.214
2026-02-11 12:17:09,supabase-vector,RUNNING,101371.38,1649.214
2026-02-11 12:17:09,chatwoot_sidekiq,RUNNING,101211.11,1649.214
2026-02-11 12:17:09,supabase-db,RUNNING,99583.47,1649.214
2026-02-11 12:17:09,supabase-kong,RUNNING,98905.7,1649.214
2026-02-11 12:17:09,redis,RUNNING,102114.25,1649.214
2026-02-11 12:17:09,postgres,RUNNING,100977.4,1649.214
2026-02-11 12:17:09,adminer,RUNNING,97668.69,1649.214
2026-02-11 12:17:09,chatwoot_sidekiqV2,RUNNING,98466.66,1649.214
2026-02-11 12:17:09,supabase-storage,RUNNING,99561.77,1649.214
2026-02-11 12:17:09,chatwoot_postgres,RUNNING,98279.69,1649.214
2026-02-11 12:17:09,n8n_postgres,RUNNING,100459.89,1649.214
2026-02-11 12:17:09,supabase-analytics,RUNNING,99708.67,1649.214
2026-02-11 12:17:09,n8n_pgvector,RUNNING,101261.2,1649.214
2026-02-11 12:17:09,chatwoot_redis,RUNNING,99969.1,1649.214
2026-02-11 12:17:09,supabase-meta,RUNNING,100504.97,1649.214
2026-02-11 12:17:09,supabase-studio,RUNNING,100107.66,1649.214
2026-02-11 12:17:09,db_proxy,RUNNING,100793.77,1649.214
2026-02-11 12:16:09,cadvisor,RUNNING,98894.27,1649.214
2026-02-11 12:16:09,waha,RUNNING,100588.78,1649.214
2026-02-11 12:16:09,app_proxy,RUNNING,102498.65,1649.214
2026-02-11 12:16:09,chatwoot_redisV2,RUNNING,101336.7,1649.214
2026-02-11 12:16:09,supabase-rest,RUNNING,99340.02,1649.214
2026-02-11 12:16:09,evolution,RUNNING,100301.63,1649.214
2026-02-11 12:16:09,supabase-imgproxy,RUNNING,100495.29,1649.214
2026-02-11 12:16:09,chatwoot_postgresV2,RUNNING,100086.27,1649.214
2026-02-11 12:16:09,gemini,RUNNING,100822.5,1649.214
2026-02-11 12:16:09,realtime-dev.supabase-realtime,RUNNING,100109.64,1649.214
2026-02-11 12:16:09,n8n,RUNNING,99762.39,1649.214
2026-02-11 12:16:09,supabase-auth,RUNNING,99794.11,1649.214
2026-02-11 12:16:09,supabase-edge-functions,RUNNING,100314.99,1649.214
2026-02-11 12:16:09,n8n_redis,RUNNING,100807.48,1649.214
2026-02-11 12:16:09,supabase-vector,RUNNING,99311.63,1649.214
2026-02-11 12:16:09,chatwoot_sidekiq,RUNNING,98298.27,1649.214
2026-02-11 12:16:09,supabase-db,RUNNING,100592.12,1649.214
2026-02-11 12:16:09,supabase-kong,RUNNING,100463.57,1649.214
2026-02-11 12:16:09,redis,RUNNING,98183.07,1649.214
2026-02-11 12:16:09,postgres,RUNNING,99587.1,1649.214
2026-02-11 12:16:09,adminer,RUNNING,101423.51,1649.214
2026-02-11 12:16:09,chatwoot_sidekiqV2,RUNNING,99927.67,1649.214
2026-02-11 12:16:09,supabase-storage,RUNNING,99954.38,1649.214
2026-02-11 12:16:09,chatwoot_postgres,RUNNING,100351.71,1649.214
2026-02-11 12:16:09,n8n_postgres,RUNNING,99869.24,1649.214
2026-02-11 12:16:09,supabase-analytics,RUNNING,98590.42,1649.214
2026-02-11 12:16:09,n8n_pgvector,RUNNING,99291.6,1649.214
2026-02-11 12:16:09,chatwoot_redis,RUNNING,101365.08,1649.214
2026-02-11 12:16:09,supabase-meta,RUNNING,98037.83,1649.214
2026-02-11 12:16:09,supabase-studio,RUNNING,99411.8,1649.214
2026-02-11 12:16:09,db_proxy,RUNNING,99253.2,1649.214
2026-02-11 12:15:09,cadvisor,RUNNING,101009.47,1649.214
2026-02-11 12:15:09,waha,RUNNING,101522.48,1649.214
2026-02-11 12:15:09,app_proxy,RUNNING,98700.09,1649.214
2026-02-11 12:15:09,chatwoot_redisV2,RUNNING,100758.81,1649.214
2026-02-11 12:15:09,supabase-rest,RUNNING,100299.28,1649.214
2026-02-11 12:15:09,evolution,RUNNING,100787.22,1649.214
2026-02-11 12:15:09,supabase-imgproxy,RUNNING,100361.1,1649.214
2026-02-11 12:15:09,chatwoot_postgresV2,RUNNING,99899.9,1649.214
2026-02-11 12:15:09,gemini,RUNNING,100673.59,1649.214
2026-02-11 12:15:09,realtime-dev.supabase-realtime,RUNNING,100713.69,1649.214
2026-02-11 12:15:09,n8n,RUNNING,101866.71,1649.214
2026-02-11 12:15:09,supabase-auth,RUNNING,98741.86,1649.214
2026-02-11 12:15:09,supabase-edge-functions,RUNNING,100105.43,1649.214
2026-02-11 12:15:09,n8n_redis,RUNNING,98649.96,1649.214
2026-02-11 12:15:09,supabase-vector,RUNNING,99647.57,1649.214
2026-02-11 12:15:09,chatwoot_sidekiq,RUNNING,101490.73,1649.214
2026-02-11 12:15:09,supabase-db,RUNNING,99761.2,1649.214
2026-02-11 12:15:09,supabase-kong,RUNNING,99615.82,1649.214
2026-02-11 12:15:09,redis,RUNNING,101114.74,1649.214
2026-02-11 12:15:09,postgres,RUNNING,98426.04,1649.214
2026-02-11 12:15:09,adminer,RUNNING,98345.83,1649.214
2026-02-11 12:15:09,chatwoot_sidekiqV2,RUNNING,102581.92,1649.214
2026-02-11 12:15:09,supabase-storage,RUNNING,100147.21,1649.214
2026-02-11 12:15:09,chatwoot_postgres,RUNNING,101510.78,1649.214
2026-02-11 12:15:09,n8n_postgres,RUNNING,100984.4,1649.214
2026-02-11 12:15:09,supabase-analytics,RUNNING,101093.02,1649.214
2026-02-11 12:15:09,n8n_pgvector,RUNNING,99064.38,1649.214
2026-02-11 12:15:09,chatwoot_redis,RUNNING,99787.94,1649.214
2026-02-11 12:15:09,supabase-meta,RUNNING,102670.48,1649.214
2026-02-11 12:15:09,supabase-studio,RUNNING,98908.97,1649.214
2026-02-11 12:15:09,db_proxy,RUNNING,99346.78,1649.214
2026-02-11 12:14:09,cadvisor,RUNNING,97512.73,1649.214
2026-02-11 12:14:09,waha,RUNNING,97747.42,1649.214
2026-02-11 12:14:09,app_proxy,RUNNING,101082.74,1649.214
2026-02-11 12:14:09,chatwoot_redisV2,RUNNING,99239.89,1649.214
2026-02-11 12:14:09,supabase-rest,RUNNING,100808.38,1649.214
2026-02-11 12:14:09,evolution,RUNNING,99993.56,1649.214
2026-02-11 12:14:09,supabase-imgproxy,RUNNING,99879.51,1649.214
2026-02-11 12:14:09,chatwoot_postgresV2,RUNNING,99580.36,1649.214
2026-02-11 12:14:09,gemini,RUNNING,99163.86,1649.214
2026-02-11 12:14:09,realtime-dev.supabase-realtime,RUNNING,101089.35,1649.214
2026-02-11 12:14:09,n8n,RUNNING,98347.38,1649.214
2026-02-11 12:14:09,supabase-auth,RUNNING,99507.64,1649.214
2026-02-11 12:14:09,supabase-edge-functions,RUNNING,97735.85,1649.214
2026-02-11 12:14:09,n8n_redis,RUNNING,99729.11,1649.214
2026-02-11 12:14:09,supabase-vector,RUNNING,99606.81,1649.214
2026-02-11 12:14:09,chatwoot_sidekiq,RUNNING,101191.83,1649.214
2026-02-11 12:14:09,supabase-db,RUNNING,101238.11,1649.214
2026-02-11 12:14:09,supabase-kong,RUNNING,100157.18,1649.214
2026-02-11 12:14:09,redis,RUNNING,98869.66,1649.214
2026-02-11 12:14:09,postgres,RUNNING,101681.05,1649.214
2026-02-11 12:14:09,adminer,RUNNING,101006.72,1649.214
2026-02-11 12:14:09,chatwoot_sidekiqV2,RUNNING,99153.94,1649.214
2026-02-11 12:14:09,supabase-storage,RUNNING,97770.56,1649.214
2026-02-11 12:14:09,chatwoot_postgres,RUNNING,100892.67,1649.214
2026-02-11 12:14:09,n8n_postgres,RUNNING,98985.36,1649.214
2026-02-11 12:14:09,supabase-analytics,RUNNING,100233.21,1649.214
2026-02-11 12:14:09,n8n_pgvector,RUNNING,100806.73,1649.214
2026-02-11 12:14:09,chatwoot_redis,RUNNING,98861.4,1649.214
2026-02-11 12:14:09,supabase-meta,RUNNING,98154.01,1649.214
2026-02-11 12:14:09,supabase-studio,RUNNING,102300.85,1649.214
2026-02-11 12:14:09,db_proxy,RUNNING,99595.24,1649.214
2026-02-11 12:13:09,cadvisor,RUNNING,99828.81,1649.214
2026-02-11 12:13:09,waha,RUNNING,99629.57,1649.214
2026-02-11 12:13:09,app_proxy,RUNNING,98293.48,1649.214
2026-02-11 12:13:09,chatwoot_redisV2,RUNNING,99644.64,1649.214
2026-02-11 12:13:09,supabase-rest,RUNNING,97908.39,1649.214
2026-02-11 12:13:09,evolution,RUNNING,99966.11,1649.214
2026-02-11 12:13:09,supabase-imgproxy,RUNNING,98437.47,1649.214
2026-02-11 12:13:09,chatwoot_postgresV2,RUNNING,101158.21,1649.214
2026-02-11 12:13:09,gemini,RUNNING,101014.22,1649.214
2026-02-11 12:13:09,realtime-dev.supabase-realtime,RUNNING,98941.43,1649.214
2026-02-11 12:13:09,n8n,RUNNING,100451.66,1649.214
2026-02-11 12:13:09,supabase-auth,RUNNING,100361.24,1649.214
2026-02-11 12:13:09,supabase-edge-functions,RUNNING,101213.46,1649.214
2026-02-11 12:13:09,n8n_redis,RUNNING,100178.74,1649.214
2026-02-11 12:13:09,supabase-vector,RUNNING,100940.55,1649.214
2026-02-11 12:13:09,chatwoot_sidekiq,RUNNING,98236.55,1649.214
2026-02-11 12:13:09,supabase-db,RUNNING,98767.3,1649.214
2026-02-11 12:13:09,supabase-kong,RUNNING,99818.77,1649.214
2026-02-11 12:13:09,redis,RUNNING,100816.65,1649.214
2026-02-11 12:13:09,postgres,RUNNING,99003.38,1649.214
2026-02-11 12:13:09,adminer,RUNNING,101243.6,1649.214
2026-02-11 12:13:09,chatwoot_sidekiqV2,RUNNING,98911.29,1649.214
2026-02-11 12:13:09,supabase-storage,RUNNING,100985.76,1649.214
2026-02-11 12:13:09,chatwoot_postgres,RUNNING,97314.01,1649.214
2026-02-11 12:13:09,n8n_postgres,RUNNING,100249.06,1649.214
2026-02-11 12:13:09,supabase-analytics,RUNNING,98355.42,1649.214
2026-02-11 12:13:09,n8n_pgvector,RUNNING,100322.73,1649.214
2026-02-11 12:13:09,chatwoot_redis,RUNNING,99167.46,1649.214
2026-02-11 12:13:09,supabase-meta,RUNNING,100130.19,1649.214
2026-02-11 12:13:09,supabase-studio,RUNNING,99728.36,1649.214
2026-02-11 12:13:09,db_proxy,RUNNING,99289.69,1649.214
2026-02-11 12:12:09,cadvisor,RUNNING,101627.74,1649.214
2026-02-11 12:12:09,waha,RUNNING,99323.63,1649.214
2026-02-11 12:12:09,app_proxy,RUNNING,99745.56,1649.214
2026-02-11 12:12:09,chatwoot_redisV2,RUNNING,100732.8,1649.214
2026-02-11 12:12:09,supabase-rest,RUNNING,100432.83,1649.214
2026-02-11 12:12:09,evolution,RUNNING,99167.06,1649.214
2026-02-11 12:12:09,supabase-imgproxy,RUNNING,99641.73,1649.214
2026-02-11 12:12:09,chatwoot_postgresV2,RUNNING,99160.47,1649.214
2026-02-11 12:12:09,gemini,RUNNING,98499.56,1649.214
2026-02-11 12:12:09,realtime-dev.supabase-realtime,RUNNING,100004.32,1649.214
2026-02-11 12:12:09,n8n,RUNNING,101214.05,1649.214
2026-02-11 12:12:09,supabase-auth,RUNNING,101131.65,1649.214
2026-02-11 12:12:09,supabase-edge-functions,RUNNING,99290.67,1649.214
2026-02-11 12:12:09,n8n_redis,RUNNING,99916.97,1649.214
2026-02-11 12:12:09,supabase-vector,RUNNING,98608.34,1649.214
2026-02-11 12:12:09,chatwoot_sidekiq,RUNNING,98758.32,1649.214
2026-02-11 12:12:09,supabase-db,RUNNING,99621.95,1649.214
2026-02-11 12:12:09,supabase-kong,RUNNING,100027.39,1649.214
2026-02-11 12:12:09,redis,RUNNING,100048.82,1649.214
2026-02-11 12:12:09,postgres,RUNNING,99373.08,1649.214
2026-02-11 12:12:09,adminer,RUNNING,98148.51,1649.214
2026-02-11 12:12:09,chatwoot_sidekiqV2,RUNNING,99366.49,1649.214
2026-02-11 12:12:09,supabase-storage,RUNNING,100895.96,1649.214
2026-02-11 12:12:09,chatwoot_postgres,RUNNING,101975.49,1649.214
2026-02-11 12:12:09,n8n_postgres,RUNNING,99989.48,1649.214
2026-02-11 12:12:09,supabase-analytics,RUNNING,99951.58,1649.214
2026-02-11 12:12:09,n8n_pgvector,RUNNING,100716.31,1649.214
2026-02-11 12:12:09,chatwoot_redis,RUNNING,102773.2,1649.214
2026-02-11 12:12:09,supabase-meta,RUNNING,100722.91,1649.214
2026-02-11 12:12:09,supabase-studio,RUNNING,100358.67,1649.214
2026-02-11 12:12:09,db_proxy,RUNNING,101032.76,1649.214
2026-02-11 12:11:08,cadvisor,RUNNING,99445.86,1649.214
2026-02-11 12:11:08,waha,RUNNING,101488.05,1649.214
2026-02-11 12:11:08,app_proxy,RUNNING,100993.38,1649.214
2026-02-11 12:11:08,chatwoot_redisV2,RUNNING,98511.66,1649.214
2026-02-11 12:11:08,supabase-rest,RUNNING,99880.37,1649.214
2026-02-11 12:11:08,evolution,RUNNING,100004.04,1649.214
2026-02-11 12:11:08,supabase-imgproxy,RUNNING,99728.29,1649.214
2026-02-11 12:11:08,chatwoot_postgresV2,RUNNING,100084.25,1649.214
2026-02-11 12:11:08,gemini,RUNNING,100944.92,1649.214
2026-02-11 12:11:08,realtime-dev.supabase-realtime,RUNNING,99945.54,1649.214
2026-02-11 12:11:08,n8n,RUNNING,99113.29,1649.214
2026-02-11 12:11:08,supabase-auth,RUNNING,100458.6,1649.214
2026-02-11 12:11:08,supabase-edge-functions,RUNNING,100854.67,1649.214
2026-02-11 12:11:08,n8n_redis,RUNNING,102494.11,1649.214
2026-02-11 12:11:08,supabase-vector,RUNNING,99494.32,1649.214
2026-02-11 12:11:08,chatwoot_sidekiq,RUNNING,101840.67,1649.214
2026-02-11 12:11:08,supabase-db,RUNNING,102422.25,1649.214
2026-02-11 12:11:08,supabase-kong,RUNNING,102091.35,1649.214
2026-02-11 12:11:08,redis,RUNNING,100537.15,1649.214
2026-02-11 12:11:08,postgres,RUNNING,99704.89,1649.214
2026-02-11 12:11:08,adminer,RUNNING,100898.12,1649.214
2026-02-11 12:11:08,chatwoot_sidekiqV2,RUNNING,100802.86,1649.214
2026-02-11 12:11:08,supabase-storage,RUNNING,98815.82,1649.214
2026-02-11 12:11:08,chatwoot_postgres,RUNNING,99701.55,1649.214
2026-02-11 12:11:08,n8n_postgres,RUNNING,99078.2,1649.214
2026-02-11 12:11:08,supabase-analytics,RUNNING,100351.64,1649.214
2026-02-11 12:11:08,n8n_pgvector,RUNNING,100172.83,1649.214
2026-02-11 12:11:08,chatwoot_redis,RUNNING,98981.27,1649.214
2026-02-11 12:11:08,supabase-meta,RUNNING,98864.28,1649.214
2026-02-11 12:11:08,supabase-studio,RUNNING,99098.25,1649.214
2026-02-11 12:11:08,db_proxy,RUNNING,99236.96,1649.214
